area,tag,bv_id,time,title,duration,view,danmaku,reply,favorite,coin,share,like,author_uid,author_name,author_follower,width,height,landscape
家居房产,"生活改造计划·第二期,生活改造计划,生活,自制,原创",BV1ER4y1V73c,2022-03-10 18:00:14,做了一个能让自己慢慢变勤劳有仪式感的钥匙支架,338,4067812,16626,4237,7132,35373,4073,215061,280793434,手工耿,6339431,1920,1080,N
家居房产,"生活改造计划·第二期,生活改造计划,家庭卫生管理师,解压,家政,保洁,卫生",BV19Y4y1q7oD,2022-03-30 12:27:58,房租一人一半，凭什么卫生我全包？你有这样的奇葩室友吗？,305,3934215,2498,4502,10671,4429,3244,51363,1115510475,游呵家庭卫生管理师,340937,2560,1440,N
家居房产,"装修,打卡挑战,生活改造计划,生活改造计划·第二期",BV12S4y1u7HK,2022-03-18 10:49:02,没看完就已经生气了！,122,3892938,1104,1403,22064,1431,3896,172203,39800775,付贵儿搞装修,223239,1080,1920,Y
家居房产,"装修过程中我们踩过的那些坑,必剪创作,家居,装修,交房,精装修,沉浸式,家装,室内装修",BV1bu411B7uE,2022-03-12 19:00:03,【沉浸式交房】开发商，你睡了吗？我睡不着,182,2985363,6114,4927,21248,9267,42769,202853,12680472,司小玄,2895,1080,1920,Y
家居房产,"吐槽,生活,搞笑,室内设计,装修,家居,住范儿,避坑,居家生活小妙招,鉴定网络热门视频,生活改造计划·第二期",BV18Y4y1v7j7,2022-04-01 17:00:00,浴缸穿透楼板、阳台魔改泳池，牛顿棺材板压不住了！,828,2836868,5389,1237,18118,12483,4678,93245,454560170,住范儿,1529201,1920,1080,N
家居房产,"生活改造计划·第二期,改造前后，判若两屋,家居,装修",BV1bi4y1Q7jQ,2022-03-30 18:30:14,成都小两口被中介忽悠，买到水井一样的房，花25万装成别墅,167,2705247,903,1791,15316,5237,1577,108820,1576915270,橙熟的设计,148708,1920,1080,N
家居房产,"跟着UP主创作吧（第三期）,记录生活的美好幸福时刻,90后,情侣,装修,智能家居",BV1zL411w7JF,2022-03-19 14:46:19,90后情侣的婚房，自己动手砸一砸就装好了,12,2460739,254,803,31511,1826,5275,167192,1765957240,之一家,7006,1080,1920,Y
家居房产,"生活改造计划·第二期,生活改造计划,家装,家居,家装设计,改造,生活记录",BV1bq4y1v7gH,2022-03-20 22:42:28,第一次装修总会有后悔的事，当个参考，别踩坑！！！,80,2410242,654,675,31379,1300,2829,103459,599427768,嘟嘟他小姨,19683,1080,1920,Y
家居房产,"室内设计,门,家装,生活记录,踢脚线,生活改造计划,生活改造计划·第二期",BV193411H7i9,2022-04-05 21:32:55,大可不必的无框门,385,2401226,7760,6766,20520,44927,31822,135859,1519547765,罗兰朵,139904,1920,1080,N
家居房产,"生活改造计划·第二期,生活改造计划,家装,瓦工验收,家装设计",BV1vZ4y1z7At,2022-03-16 20:55:35,瓷砖验收怕被坑？看看老瓦匠如何做瓷砖验收的，学会了装修公司都怕你！,72,2000225,129,606,40144,2212,2397,81378,1925770102,懂装修,53278,1080,1920,Y
家居房产,生活记录,BV1e44y1K7fj,2022-03-11 20:09:30,终于可以拥有一个可以种菜养花的院子,46,1909852,581,1030,6657,841,2080,39690,358269830,雅雅和橘子姐,118819,1920,1080,N
家居房产,"吐槽,揭秘,家居,室内装修,装修避坑,打卡挑战,地产家居,鉴定网络热门视频,生活改造计划",BV1wu411q7Cd,2022-03-21 19:39:32,打假300万粉的装修营销号，12个孩子一间房。鉴定网络热门装修视频,33,1874144,709,1639,8736,686,4461,71600,603841071,室内设计师-梁正,92405,1080,1920,Y
家居房产,"吐槽,租房,房东,生活记录,Vlog,今年315，你在关注什么？",BV12L4y1T7bp,2022-03-14 14:46:12,Vlog丨年轻人就是刚……我把套路我的房东告上了法庭,319,1772445,1454,2673,31674,15674,3986,102928,14691422,陈千千Claire,16319,1920,1080,N
家居房产,"生活改造计划·第二期,生活改造计划,打卡挑战,房子,租房,生活记录",BV1H44y1T7Ud,2022-03-16 18:12:49,租来的房子不要轻易拆房顶，贵到心痛！,80,1535777,554,897,1799,1342,187,19856,358269830,雅雅和橘子姐,118819,1920,1080,N
家居房产,"生活改造计划·第二期,生活改造计划,家居,装修,日本,房子,日本留学",BV1YZ4y1B7xM,2022-03-24 18:24:13,大阪46平精致的小房子，它是一个回型楼，风景超级好~,171,1515066,1815,2567,8734,522,2155,52181,1075555775,在日本当房东的小李,39298,1080,1920,Y
家居房产,"吐槽,搞笑,室内设计,装修,家居,装修避坑,打卡挑战,鉴定网络热门视频,生活改造计划",BV12S4y1u7oj,2022-03-17 17:55:11,打假300万粉的装修营销号，阳台做泳池损人利己。鉴定网络热门装修视频,100,1502162,971,1287,6838,760,1839,81038,603841071,室内设计师-梁正,92405,1080,1920,Y
家居房产,"生活改造计划·第二期,生活改造计划,家居,装修,ROOMTOUR,生活,日常,vlog,室内设计",BV1d3411576d,2022-03-13 23:17:44,Roomtour｜90后丁克情侣的154㎡快乐屋｜二人四猫生活,757,1487343,3396,3445,65444,37831,31379,69289,283811493,Moggy的三色杯,99801,1920,1080,N
家居房产,"人生处处有惊喜,打卡挑战,生活记录,家装,家居,升降衣架",BV1kY4y1s7Pn,2022-03-27 15:10:00,再见吧，升降衣架,210,1475657,4754,2956,8737,16643,8332,77495,1519547765,罗兰朵,139906,1920,1080,N
家居房产,音响,BV1Ji4y1C7RZ,2022-03-12 19:18:47,蓝牙音响假付款，男子绞尽脑汁骗烟钱，结局很舒适……（来源：钦州检察）,21,1473684,31,347,3723,37,583,98112,525907485,广州普法,61207,720,1280,Y
家居房产,"生活改造计划·第二期,生活改造计划",BV1qF411W7Aa,2022-03-25 17:03:06,收拾老船第17天，给这艘30年的老船换新顶！最后忙完再去做点有意义的事吧,237,1418565,1948,1721,14165,49419,584,117342,1187017154,湖家郎,156240,1080,1920,Y
家居房产,"家居,租房,生活,自制,原创,我的租房经验分享",BV1X94y1Z7XD,2022-03-24 12:00:00,“无痛躺平系列”我在广东海边，用600元租了一个月的精品海景房。,402,1262804,3154,2742,13241,8313,13441,30558,517346060,轻徙鸟,135951,3840,2160,N
家居房产,"生活改造计划·第二期,生活改造计划,别墅,出租屋改造",BV14u411B7GB,2022-03-13 13:24:53,我花了500租了栋别墅,62,1248089,482,918,3480,425,135,27494,398858452,每年达咯,13506,1080,1920,Y
家居房产,"打卡挑战,技术,QINGWOOD家具,榫卯",BV15U4y1Z7JF,2022-03-18 13:19:46,纯显示技术，与实用无关。看看QINGWOOD师傅们的手艺。,11,1181610,33,164,4208,43,37,75079,2051002739,王木小匠QINGWOOD,3880,1080,1528,Y
家居房产,"家居,出租屋改造",BV1pq4y1v7JJ,2022-03-20 18:50:24,挑战380块爆改出租屋，房东居然给我免租了！,64,1109444,113,372,2315,285,102,5439,1925977245,一粒沙的生活,16005,1920,1080,N
家居房产,"家居,原创,搞笑,图一乐,开箱,Moodmoon,满月灯,设计,墙灯,日落灯",BV1PY411J7Q6,2022-03-29 12:00:00,上头买了个1w4的纸灯，居然是全网首开?【图一乐08】,816,1038986,17442,3303,12170,47052,4808,100916,125526,-LKs-,2618672,3840,2160,N
家居房产,"鲁班,设计,装修,乡村生活,老家,父亲",BV1mZ4y1z7TN,2022-03-14 18:59:58,当代鲁班，悬浮设计。,177,988168,1461,866,3474,547,1356,62380,19797042,陈擦皮,15821,1080,1920,Y
家居房产,"心理,室内设计,装修,价值观,焦虑,智能家居,家居,ROOMTOUR,小户型,生活改造计划,生活改造计划·第二期",BV17Y41177U9,2022-04-02 18:05:00,欢迎来参观我的新家！RoomTour来啦！,159,967618,601,623,8805,3761,1189,54157,68134500,张大碗子,448913,1920,1080,N
家居房产,"地板工厂,地板,装修",BV1Tu411z7Qx,2022-03-14 21:11:01,裸板就是工厂生产的，包装上没有品牌的地板,15,909498,74,434,8087,396,177,16840,493126176,东方牛地板大牛,19119,1080,1920,Y
家居房产,"生活改造计划·第二期,生活改造计划,生活记录,改造",BV1M44y1K7Kb,2022-03-30 17:10:36,花50块拥有了一个置物桌，这次我应该是赚了吧？！,124,905661,293,255,2155,227,133,36682,453069843,别野生活,92839,1080,1920,Y
家居房产,"生活改造计划·第二期,生活改造计划,家居,装修,室内设计,微水泥,避坑,知识,生活,住范儿,建材",BV1fZ4y1r7FD,2022-03-11 18:34:05,设计师名媛都在冲的「微水泥」，又是营销新骗局？,484,885765,2798,853,4832,2825,2088,30938,454560170,住范儿,1529202,1920,1080,N
家居房产,"必剪创作,楼市,房产,房地产,租房,房价,房子,买房,卖房,买房攻略,打卡挑战",BV1z34y1877T,2022-03-16 12:53:35,降价卖自己的房子有错吗,10,861320,43,1117,700,39,146,15958,18188227,武汉买房小生,2953,1080,1920,Y
家居房产,"吐槽,生活,搞笑,知识,室内设计,装修,家居,避坑,打卡挑战,生活改造计划",BV1AP4y1u7YX,2022-03-15 12:51:46,打假300万粉的装修营销号，为了骗钱设计这么不实用的卧室。鉴定网络热门装修视频,96,859968,490,365,2568,217,275,37549,603841071,室内设计师-梁正,92408,1080,1920,Y
家居房产,"生活,搞笑,家具,装修,装修避坑,打卡挑战,家具房产,生活家过生活",BV1xU4y1o7vr,2022-03-11 18:37:05,打假网络热门装修视频-20。鉴定网络热门装修视频,88,846531,575,340,2405,190,178,33450,603841071,室内设计师-梁正,92408,1080,1920,Y
家居房产,"吐槽,生活,搞笑,装修,家居,室内装修,卧室设计,房产家居,鉴定网络热门视频,生活改造计划",BV13Z4y1U74C,2022-04-01 16:50:04,为何让三个孩子挤一个房间？这是道德的沦丧吗？鉴定网络热门装修视频,71,840827,311,861,2096,404,692,20955,603841071,室内设计师-梁正,92408,1920,1080,N
家居房产,"原创,生活,可怕,城市,房贷",BV1MF41137we,2022-04-01 10:19:59,房贷断供，你知道有多可怕么,30,800800,315,1402,2055,103,996,31192,1000727149,济南卖房的大老王,905,720,1280,Y
家居房产,"改造,卧室装修,复古风",BV15u411z7Hv,2022-03-14 15:42:31,改造复古风卧室，真是惊喜不断啊。。。,64,792312,3,5,786,45,0,753,233518301,一个疯雅的女子,36856,1920,1080,N
家居房产,"生活改造计划·第二期,居家生活小妙招,家居,装修,装修设计,水电,泥工,瓷砖,空调,门窗,硬装",BV1NT4y1S7JL,2022-03-20 16:59:51,赌两个币，这40分钟能抵上你看1000个装修视频！,2528,781657,2945,988,135052,67561,9943,62922,96781097,装酷装修APP,65348,1920,1080,N
家居房产,"生活改造计划·第二期,生活改造计划",BV1pS4y137Hx,2022-03-15 19:57:12,沉浸式体验这些走心设计，每一个都超赞超好用,76,773302,233,204,9247,369,592,14654,401929486,wuli-设计姐,22289,1080,1920,Y
家居房产,"打卡挑战,花园,房子,生活记录",BV1ci4y1C7Hp,2022-03-12 19:30:53,660租的小院，两个女孩子准备亲手改出来,55,773045,278,628,2072,588,553,16045,358269830,雅雅和橘子姐,118819,1920,1080,N
家居房产,"室内设计,家居,装修",BV1fS4y1U73q,2022-03-24 10:38:51,2022年新款现代简约把插座换个方向，实用又漂亮把插座换个方向,126,745171,167,347,16454,623,1706,10641,1161348429,小小的房子大大的世界,5226,1080,1920,Y
家居房产,"家居,装修,室内设计,装修避坑,家装,室内装修,装修踩雷",BV1HU4y1d7EY,2022-03-21 13:12:40,自己装修一定要提前购买的九样东西,90,744012,141,277,24168,809,1028,20625,1407488800,装修避坑指导,51959,1080,1920,Y
家居房产,"收纳,种草,整理,收纳整理,家居",BV16U4y1d78t,2022-03-25 20:23:10,搬家买了50多个收纳…其中这3个超牛！,196,739655,284,363,38513,2598,1605,41091,25782796,深夜徐老师,1176187,1080,1920,Y
家居房产,"生活改造计划·第二期,生活改造计划,家居,装修,奇葩,建筑设计,迷惑,搞笑,建筑",BV1k3411n7QY,2022-03-29 17:57:23,"日本大冤种夫妻买下古迹地皮！设计师：""坐牢就完事了”",784,718187,3655,1335,1966,2285,1233,19321,671011280,百万巨星麒麟君,640876,1920,1080,N
家居房产,"打卡挑战,创意,卫生纸,环保,老外真会玩,布料",BV1Nb4y1p7m2,2022-03-17 14:44:52,这个够环保了吧，可以重复使用的卫生纸，用布料做的卷纸。#环保 #卫生纸 #创意 #好物分享,20,704964,378,604,955,34,3794,9994,191155958,全球不知道,15215,1080,1920,Y
家居房产,"生活,搞笑,室内设计,装修,装修避坑,打卡挑战,家具房产,鉴定网络热门视频,生活改造计划",BV1zq4y1v7yQ,2022-03-24 21:01:43,鉴定网络热门装修视频，大房间设计成小卧室。鉴定网络热门装修视频,99,667011,207,424,2003,783,367,28551,603841071,室内设计师-梁正,92408,1080,1920,Y
家居房产,"生活改造计划·第二期,居家生活小妙招,办公,升降桌,好物",BV1or4y1B7NQ,2022-03-18 20:48:31,你会喜欢一边办公一边运动吗？,31,656535,270,544,10434,1284,1731,29239,1828994676,小蓝蓝plus,494426,2160,3840,Y
家居房产,"生活,搞笑,家具,装修,装修避坑,独居生活指南,打卡挑战,家具房产,鉴定网络热门视频",BV1mL4y1u7XQ,2022-03-10 19:00:23,打假网络热门装修视频十九期。6平米小卧室做秘密空间,133,618383,484,424,1737,481,503,25946,603841071,室内设计师-梁正,92409,1920,1080,N
家居房产,"人生处处有惊喜,生活记录,奇葩,阳台,装修,露台",BV1yT4y1i7S8,2022-03-28 15:05:00,出人意料的栏杆,151,607316,3055,1663,2323,5538,3636,37442,1519547765,罗兰朵,139915,1920,1080,N
家居房产,"家装,家居,生活记录,生活改造计划,生活改造计划·第二期",BV1z94y1o79J,2022-03-31 22:17:23,装修是一场庞大的连锁反应,437,599286,5789,1556,5538,14557,16118,36741,1519547765,罗兰朵,139915,1920,1080,N
家居房产,"生活改造计划·第二期,改造前后，判若两屋,家居,装修,ROOMTOUR,生活,阁楼,露台,游戏宅,游戏房",BV1xL411w76R,2022-03-20 12:45:09,坐拥65平阁楼+露台？还有4米大书桌+游戏房！这个家我能宅一辈子｜RoomTour,1000,598005,2552,927,17614,14826,13570,26882,353806838,杨六娃本娃,187968,3840,2160,N
家居房产,"吐槽,生活,搞笑,室内设计,装修,空间设计,家居,地产家居,鉴定网络热门视频,改造前后，判若两屋",BV1uZ4y1U7XC,2022-04-05 16:34:25,父母为何把卧室设计成宿舍？鉴定网络热门装修视频,48,584689,466,716,3528,232,919,46105,603841071,室内设计师-梁正,92411,1080,1920,Y
家居房产,"生活改造计划·第二期,生活改造计划",BV1eY4y1v7Vo,2022-03-31 18:49:14,为了早日住进小院，吃上自己家的樱桃，我们一家三口变四口……,176,576859,160,225,1145,581,74,7407,358269830,雅雅和橘子姐,118821,1920,1080,N
家居房产,"装修,生活改造计划,生活改造计划·第二期",BV1xS4y1U7pG,2022-03-19 11:48:06,看视频！！！标题不重要！！！,98,573232,142,206,3047,132,193,14545,39800775,付贵儿搞装修,223241,1080,1920,Y
家居房产,"生活改造计划,生活改造计划·第二期",BV1q34y1s7WA,2022-03-31 19:04:54,下班回家干什么？,21,567652,267,807,8342,1256,1041,26105,1828994676,小蓝蓝plus,494426,2160,3840,Y
家居房产,"跟着UP主创作吧（第三期）,记录生活的美好幸福时刻,买房,loft,房产,房子,婚姻",BV1mS4y1N79x,2022-03-27 13:18:08,有一种痛苦叫婚房买了loft，卖不出也不想住，彻底成“不动产”了,277,559492,678,987,977,161,1035,4834,527581339,小王知天下,3494,1920,1080,N
家居房产,"生活改造计划·第二期,居家生活小妙招,收纳,家居,装修,小户型",BV11Z4y1B7p3,2022-03-26 17:16:49,14平米的家，自己设计安装收纳床箱,243,554195,612,476,4101,641,691,36517,59540023,王一工不二,54862,1080,1920,Y
家居房产,"生活改造计划·第二期,生活改造计划,打卡挑战,家庭卫生管理师",BV1HU4y1Z7xy,2022-03-18 11:40:22,给90后总裁家别墅做保洁！,133,553563,366,1001,2173,156,3835,13373,1650278234,上海审视管家,1770,1920,1080,N
家居房产,"搞笑,记录,经验分享,疫情生活记录,必剪春季踏青计划,酒店长住",BV1s5411D7gH,2022-04-05 21:01:40,关于酒店长住，你好奇的这里都有,1900,553499,1047,1132,28304,11540,2209,18591,11651257,翡瑜时光,3480,1920,1080,N
家居房产,"搞笑,日常,男女,同性恋,情感,情侣,最强大脑,VLOG,ROOMTOUR,我的恋恋日记",BV1DS4y1U7ox,2022-03-19 22:41:47,çª�è¢­ä¸¤ä¸ªç”·ç”Ÿçš„å®¶ï¼Œç«Ÿæœ‰ä¸€å�Šä¸�èƒ½æ’­ï¼�ï¼�ï¼�,798,551907,2830,938,7299,19343,5370,33271,487425891,å�¯ä»¥å�»ä½ å®¶å˜›,179887,1920,1080,N
家居房产,"生活改造计划·第二期,居家生活小妙招,家装,装修,沈阳装修",BV1V34y187p1,2022-03-10 20:58:28,瓦工活项目复杂，通铺、对角...不是上来就干的，一定要像我这样给他提提醒！为了装修新家努力一下吧！,95,522888,17,83,4077,147,195,12470,1925770102,懂装修,53279,1080,1920,Y
家居房产,"生活改造计划·第二期,生活改造计划,食堂,鸡蛋饼,房子,生活,日常",BV1UL411A7hr,2022-03-11 12:00:17,给非洲徒弟盖房子，今天工地小食堂开工啦，我们做的鸡蛋饼大家都爱吃,546,518029,5730,1871,1380,15235,392,39322,393116415,非洲飞哥,631150,1920,1080,N
家居房产,"建筑,奇葩,设计,装修,家居,土木,迷惑,旧房改造,生活改造计划,生活改造计划·第二期",BV1394y1Z7NN,2022-04-08 18:00:00,牛！日本夫妇改造百年古宅！女儿竟被封入无间地牢？,505,516762,1163,596,1746,2137,285,20252,671011280,百万巨星麒麟君,640879,1920,1080,N
家居房产,房地产,BV1GY4y1W7HW,2022-03-31 21:27:22,买房量力而行 #买房须知 #开发商 #佛山,99,513470,1265,2033,3438,405,2830,29629,1844932469,佛山新房麦凯,2957,2160,3840,Y
家居房产,"打卡挑战,买房,房产,公寓,露台",BV1HT4y1i7Rb,2022-03-23 18:32:45,现房公寓，单价5500，总价20来万还送露台,11,509146,13,261,313,8,31,11534,1000727149,济南卖房的大老王,905,720,1280,Y
家居房产,"生活改造计划·第二期,生活改造计划,打卡挑战",BV1HU4y1Z7qN,2022-03-17 20:07:53,我的卧室，一定要有一扇布满绿色的大窗户！,99,498027,173,395,1023,876,162,10791,358269830,雅雅和橘子姐,118821,1920,1080,N
家居房产,"生活改造计划·第二期,居家生活小妙招,家居,装修,VLOG,住范儿,建材,设计,装修设计,探店,商场",BV1pb4y1p78g,2022-03-18 18:16:33,带你看看我们家开的20000m²大商场！,489,495253,1525,1170,3123,3194,1867,21694,454560170,住范儿,1529202,1920,1080,N
家居房产,"生活改造计划·第二期,生活改造计划,房子,生活记录,家居,记录,日常",BV1Uu411q73m,2022-03-27 18:00:00,给侯哥盖房子的最新进度，老二也会瓦匠活儿，肉肉跟着过来玩,696,493608,7964,5191,1095,11472,325,33438,393116415,非洲飞哥,631150,1920,1080,N
家居房产,"生活改造计划·第二期,居家生活小妙招,厨房神器,家居好物,测评,破壁机,砧板",BV1Ru411q7m5,2022-03-24 20:27:49,被隔离了，来分享几条最新的厨房弯路,183,493615,433,986,3755,2355,1086,43842,486759751,卡门卡卡_,400741,2160,3840,Y
家居房产,"生活改造计划·第二期,居家生活小妙招,健身,空气炸锅,减脂,厨房好物,测评",BV1rF41147KS,2022-03-11 18:01:30,买完两条路：要么闲置，要么长胖,104,488798,412,1778,1903,1091,3615,31340,486759751,卡门卡卡_,400741,2160,3840,Y
家居房产,"生活改造计划·第二期,生活改造计划",BV1vP4y1u7kL,2022-03-21 19:39:30,就地取材改造小院！剩下来的材料费真香,92,481847,138,260,909,625,80,8920,358269830,雅雅和橘子姐,118821,1920,1080,N
家居房产,"生活改造计划·第二期,改造前后，判若两屋,家居,装修,ROOMTOUR,室内设计,智能家居,小户型,园艺,收纳,半日闲床垫",BV14r4y1q7n4,2022-03-26 19:36:26,我把木匠送上法庭｜在线看冤种，来，挺急的,812,480023,3574,1343,3010,7912,1724,44442,39922227,付曦冉,1402320,1920,1080,N
家居房产,"不出门的理由找到了,Room Tour,室内设计,家居",BV1W44y1K7E3,2022-03-10 18:12:47,伪一镜到底看看我住了三年的家。好多人说我家像样板间，其实无非柜子比较多收纳做得比较好，才可以常住常新,171,479773,673,799,16786,2967,5837,14216,285553516,monokon,31070,1920,1080,N
家居房产,"生活改造计划·第二期,生活改造计划,家居,装修,生活,迷惑行为,迷惑,奇葩,搞笑",BV1DL4y177TK,2022-03-27 17:00:00,日本逆天の蛋蛋房！据说是二次元的入口？这能住人？,446,477737,1495,494,1883,2493,871,22593,671011280,百万巨星麒麟君,640880,1920,1080,N
家居房产,"神器,省钱,清洁,家居好物,拼夕夕,生活改造计划,生活改造计划·第二期",BV1k34y1s7zB,2022-04-03 15:51:16,低至5毛钱！9个神器能让妈妈夸你一整年！,119,458767,427,858,59715,13776,5355,53715,9902897,是书瑶呀,849347,1080,1920,Y
家居房产,"生活改造计划·第二期,居家生活小妙招,家居,装修,室内设计,住范儿,VLOG,记录,日常,水电,软装",BV1mY4y1s7mv,2022-03-25 21:10:19,做好这几步，保你装修不翻车！| 狮子的新家 vol.6,530,455537,1163,533,5944,2018,2073,18644,454560170,住范儿,1529202,1920,1080,N
家居房产,"生活改造计划·第二期,生活改造计划,家居,装修,室内设计,生活,建筑,设计师,家装,记录",BV1YL4y1M79p,2022-03-22 17:58:27,上海11平米住一家四口的爬梯房，极限改成两房两厅的美妙婚房【材哥】,677,445918,497,529,1059,661,1496,4234,317363603,空间设计-材哥,243710,1920,1080,N
家居房产,"生活改造计划,生活改造计划·第二期",BV1xS4y1m7zL,2022-04-02 17:15:44,收拾老船的第19天，测防水围护栏！卧龙凤雏共筑空中花园（还有我）！！！,196,442699,628,637,1703,4790,238,33991,1187017154,湖家郎,156241,1080,1920,Y
家居房产,"生活改造计划·第二期,生活改造计划,装修,设计,验房",BV1eu411q7qs,2022-03-23 19:11:58,验房还可以如此刁钻？帮百万up主验收新家，差点被开发商拉黑！,295,437950,604,743,8415,2572,2094,14456,1949251928,房子靓,303583,3840,2160,N
家居房产,"房产,家居",BV1pF411W79r,2022-03-23 08:54:29,这5款家电，全是智商税,122,426689,693,1233,2673,217,535,28219,1714737068,装修有大坑,45521,576,1024,Y
家居房产,"生活改造计划,生活改造计划·第二期",BV1sZ4y1U7He,2022-04-05 17:18:52,收拾老船第20天，提前感受空中花园的烧烤生活！,194,425957,806,842,1843,4606,638,34516,1187017154,湖家郎,156241,1080,1920,Y
家居房产,"生活改造计划·第二期,居家生活小妙招,室内设计,家装设计",BV1jq4y1Y7Wr,2022-03-25 20:29:40,窗帘怎么选？,81,423498,38,102,11500,340,591,14228,1925770102,懂装修,53279,1080,1920,Y
家居房产,"改造,设计,家装,家居,改造前后，判若两屋,生活改造计划·第二期",BV18Y4y1p7Ks,2022-03-30 21:48:07,深圳77平 | 28岁住进自己设计的家,64,422272,175,446,5071,309,625,34451,18148993,Joe的家,1275,1080,1920,Y
家居房产,"装修,改造,创意",BV1r44y1K7YF,2022-03-11 18:06:47,500块的三室一厅翻新到阳台，预算只有100了，也只能抠搜地继续改了。#改造 #老房改造 #vlog日常,138,422078,56,55,1462,129,60,1492,1684072000,林小冉的生活日记,6873,3840,2160,N
家居房产,"花园,生活记录",BV1eL411P7cY,2022-03-17 18:01:26,为了这个花园，我们又学会了一项新技能,69,420629,63,131,598,430,69,5477,358269830,雅雅和橘子姐,118821,1920,1080,N
家居房产,"家居,ROOMTOUR,生活改造计划,生活改造计划·第二期",BV1kL4y157T2,2022-04-08 22:03:47,å¤„å¥³åº§çš„å®¶ï¼Œ60ã�¡å¦‚ä½•ä½�å‡º120ã�¡ï¼Ÿç»�å¯¹æ˜¯æ”¶çº³å¤©èŠ±æ�¿ï¼�,863,420627,1917,621,24672,10637,9059,20340,1162248798,æ��å°�å†·ä¸�å†·,207519,1920,1080,N
家居房产,"生活改造计划·第二期,生活改造计划,打卡挑战",BV1WP4y1T7SD,2022-03-24 19:41:37,小院修卫生间，材料全都就地解决！我们风风火火干起了小工,144,418354,166,286,1261,2885,104,17968,358269830,雅雅和橘子姐,118821,1920,1080,N
家居房产,"原创,娱乐,高能,装饰画,居家生活小妙招,生活改造计划·第二期",BV1Dr4y1H7dq,2022-04-01 16:16:53,粉丝说老公放p太多了，一面墙挂不下！,38,417103,20,263,16143,1049,562,21400,640152752,进度条-软装抠搜指南,496177,1920,1080,N
家居房产,"生活改造计划·第二期,生活改造计划",BV1rY4y1p7nT,2022-03-29 17:34:18,收拾老船第18天，大哥忍痛拒绝相亲，一心只想修船！,177,413579,601,798,1547,4434,256,28835,1187017154,湖家郎,156241,1080,1920,Y
家居房产,"旅游,汽车,摄影,酒店,豪宅,4K,探店,总统套房,小艾大叔,转角遇到春天,新昌安岚",BV1wa411i7DA,2022-04-01 12:00:00,【艾住哪儿】独享山顶8W+总统套房！逃离北上广住山里骑马是什么体验？,702,408452,1443,599,2079,4785,1346,18022,470156882,小艾大叔,2422889,3840,2160,N
家居房产,"生活改造计划·第二期,居家生活小妙招,斯琴高娃,回南天,精致抠搜",BV1ZU4y1o7Qq,2022-03-11 15:22:45,花钱花多了，我真的会生气！回南天，梅雨季，不当大冤种！,35,405753,82,607,12372,3702,1265,22676,640152752,进度条-软装抠搜指南,496177,1920,1080,N
家居房产,"家居,装修,室内设计,装修避坑,家装,室内装修,装修踩雷",BV1iT4y1e7N6,2022-03-28 11:40:44,学会了吗？关注我，每天分享装修知识,51,404426,25,84,14376,474,414,9022,1407488800,装修避坑指导,51959,720,1280,Y
家居房产,"生活改造计划·第二期,生活改造计划",BV1QT4y1U7C3,2022-03-20 07:15:38,14平米的家，简单实现全屋智能家居,249,402883,385,509,5297,595,1989,18838,59540023,王一工不二,54862,1080,1920,Y
家居房产,"生活改造计划·第二期,居家生活小妙招,运动,健康,跳绳,测评,星计划",BV16r4y1i7Cp,2022-03-22 09:48:48,无线跳绳？是智商税么？,18,401273,19,258,490,33,47,7789,415214853,虎哥大长腿,18483,1080,1920,Y
家居房产,"生活改造计划·第二期,生活改造计划,家居,装修,ROOMTOUR,室内设计,智能家居,租房,全屋定制,家具,床垫",BV1KZ4y1679J,2022-03-16 20:44:47,到底该选硬床垫还是软床垫？看完就不纠结了,889,399302,695,910,8573,8544,1438,48108,304578055,Mr迷瞪,698450,1920,1080,N
家居房产,"生活改造计划·第二期,生活改造计划,家装,施工,装修,工地巡检,装修设计",BV1rZ4y1673f,2022-03-20 21:36:07,记录一次工地巡检“翻车现场”！出问题不怕，解决问题才重要！,246,396268,172,307,1014,66,78,12660,362866586,铁锤行动,192411,720,1280,Y
家居房产,"生活改造计划·第二期,生活改造计划,打卡挑战,生活记录,农村生活",BV1dF411s7uj,2022-03-16 16:00:27,自己动手装修小院，为自己打造10年的乡村生活！,83,387851,135,226,488,1266,70,7356,358269830,雅雅和橘子姐,118821,1920,1080,N
家居房产,"生活,租房,家居,性价比好物,租房好物,生活改造计划,生活改造计划·第二期",BV1kT4y1e7rJ,2022-04-01 20:38:51,50以内！租房界人类智慧结晶（上）,192,379585,386,633,6928,1393,638,27809,486759751,卡门卡卡_,400741,2160,3840,Y
家居房产,"生活改造计划·第二期,生活改造计划,家居,装修,ROOMTOUR,土木,室内设计,旧房改造,建筑,日常,故事",BV1rS4y1S7Fh,2022-03-13 18:00:02,链接血脉の家！逆天の写意设计！从未有过如此美妙的开局！,708,379260,2038,529,2218,4220,762,21664,671011280,百万巨星麒麟君,640881,1920,1080,N
家居房产,"生活改造计划·第二期,生活改造计划,家装,家居,装修,老房改造,装修设计",BV1Sq4y1e7Nb,2022-03-18 21:40:50,现在谁家还是这种老式“煤气罐”？！危险还费钱，别再用啦！,42,373871,48,475,442,23,49,14751,362866586,铁锤行动,192411,720,1280,Y
家居房产,"改造,房子,室内设计,家装,二手房,改造前后，判若两屋,生活改造计划·第二期",BV1Uq4y1v7hM,2022-03-24 16:15:09,老房变身童话小屋！！爆改二手房！！！极繁主义爱好者的天堂，色彩控和极繁主义的家,156,367055,388,502,6905,351,906,38161,1731859474,梁皮皮的童话屋,1456,1080,1440,Y
日常,锦鲤,BV1su411e77y,2022-04-06 15:11:15,老人将锦鲤养成“猪” 最大的30斤重：曾是村里的养猪能手,13,5218795,35207,7170,45574,5721,24760,501180,590804848,直播日照,32410,1080,1920,Y
日常,哥哥,BV1T94y1Z7tc,2022-04-05 17:48:00,又开始心疼哥哥了～,15,2365125,1640,1659,5958,1620,8836,143350,1707720423,悦悦大叔i,271590,1080,1440,Y
日常,"生活,搞笑,日常,挑战,美食,外卖,VLOG,辣子鸡,黄焖鸡,外卖员",BV1jL4y1j7rL,2022-04-07 18:11:25,史上最难送的外卖！短短500米，我却花了整整3小时！,1000,2146601,12862,3558,38661,202055,4605,229860,99157282,盗月社食遇记,6691346,1920,1080,N
日常,"游戏,搞笑,比赛,趣味",BV1gY411E7g6,2022-04-05 12:20:53,紧张刺激的轮流倒水比赛，水溢出杯子就输了,123,2109863,906,714,12550,323,2392,149033,412719797,YouTube精彩视频-,1201884,576,1024,Y
日常,"吐槽,灵魂,高能,大爷,隔空,喊话,扎心,扎堆",BV1PY4y1i7Ba,2022-04-06 11:07:00,小伙隔空灵魂喊话小区内遛弯扎堆的大爷，真的是句句扎心,18,1723024,313,520,5712,110,788,146472,2062899106,芳华20,614,1080,1920,Y
日常,"杭州,公寓,房地产,买房,网红,看房",BV1SY4y1v7Mr,2022-04-06 12:12:40,探访亚洲最大单体公寓，杭州网红聚集地,954,1694554,9639,3848,6610,4036,7737,47100,35847683,峰哥亡命天涯,1171734,1920,1080,N
日常,"科学小实验,生活小妙招,星计划,我在B站做UP主",BV1ra41147JF,2022-04-05 17:00:00,免洗洗手液，真的能点燃火柴？熄灭的火柴放水里，就能变成果汁？,187,1628739,196,63,9114,1344,1,3007,403955212,秋刀鱼的快乐生活,9889,1920,1080,N
日常,"生活,监控,互联网,记录,涨姿势,实用,涨知识,必剪创作",BV1yF41137Xk,2022-04-06 19:24:34,好家伙！,21,1558920,218,996,93019,6137,4848,91470,1657130577,涨点儿知识,165649,1080,1920,Y
日常,"兰亭序,4k,云堇,原神UP主激励计划,河野华,我今天出cos了！,原神2.6破次元",BV1c5411U7mF,2022-04-06 20:30:27,喜欢云堇，这拦不住的 4K,118,1488843,2031,3766,43173,56996,9392,150375,18343098,河野华,625310,3840,2160,N
日常,"老公,工作,老板,职场,创业",BV1Jq4y1a7ZN,2022-04-06 14:07:47,老公月薪20W,196,1422461,3786,2683,7853,524,3967,37607,222848617,环球w瞭望,5249,720,960,Y
日常,不发火植愈指南,BV1s5411D7uM,2022-04-07 15:51:40,【于贞X悦木之源】新歌发布！用音乐，希望好地球永远不发火！,36,1415112,33,78,572,308,99,5186,49648241,哔哩哔哩广告娘,150188,568,320,N
日常,"生活,日常,VLOG,沉浸式,生活记录,记录生活的美好幸福时刻,跟着UP主创作吧（第三期）",BV1244y1V7oT,2022-04-08 18:20:53,沉浸式体验已婚男人的上午,118,1303909,919,1978,9268,2387,19000,107752,341354077,淦淦惹,199869,1080,1920,Y
日常,"事故,现场,路虎,正能量,消防员,消防车",BV1d3411H72T,2022-04-06 22:53:04,路虎堵住消防通道消防车提醒无果撞开！路人：救火重要！,17,1243535,575,1468,3018,145,208,103188,1085380720,第一视察,10543,720,1280,Y
日常,"白银,变废为宝,铂金,贵金属,电子垃圾提炼黄金,铂铑丝,钯碳催化剂,大厨炼金记,工业废料提金",BV1wS4y1P7WK,2022-04-06 21:17:30,老铁几十W的金子炼出来了，全是彼此满满的信任啊！,63,1217027,147,396,2111,351,108,52949,1138721507,炼金大厨来了,216207,1920,1080,N
日常,"可爱,加拿大,记录,生活记录,疫情,疫情生活记录,必剪春季踏青计划",BV1NT4y1Y73G,2022-04-06 12:04:30,加拿大天天喊着与病毒共存，这下好了我和病毒同居了,100,1183793,945,1817,4243,437,1440,114533,1289012110,行走的大大大羊腿,374383,1080,1920,Y
日常,"励志,打工,创业,VLOG,生活记录,我在B站做UP主,一起记录2022",BV1DS4y117En,2022-04-07 17:37:41,2008年-2022年，打工仔，摆摊、厨子…平凡14年没有停止过奔跑！,112,1164570,448,2281,7072,26717,1666,86807,454958604,米梦杰,323222,1320,1080,N
日常,"自制,反转,记录,VLOG,王稳健,蜜雪冰城",BV1nY4y1H74Y,2022-04-09 01:21:08,蜜雪冰城雇童工出现反转？,146,1144188,1106,7228,7000,7685,2337,113420,10032675,毕竟王稳健,456759,1080,1920,Y
日常,"生活,墨西哥,物价,街访,歪果仁,VLOG",BV1iY4y1W75B,2022-04-08 11:30:00,在墨西哥富人区街采，这里中上产阶级生活怎样？,377,1118343,6037,3257,4254,11640,1407,93401,176037767,我是郭杰瑞,7093414,1920,1080,N
日常,"生活,情感,小视频,大司马",BV1sF41137z3,2022-04-06 15:13:37,你对成功的定义是什么？,62,1100584,772,1450,10066,4506,1812,77275,244144308,大司马工作室,1580353,1080,1920,Y
日常,"生活,自由,平等,peacemaker",BV1ST4y1e7o8,2022-04-05 19:00:00,建议把诺贝尔和平奖颁给他,85,1093330,412,2941,21021,2822,6568,106944,25623387,任性的KIMKILLS,1421004,544,816,Y
日常,"爱情,现状,情感,婚姻,年代,打卡挑战",BV1AY411E7K2,2022-04-06 14:12:54,各年代婚姻现状,15,1059827,278,1160,5292,88,1418,112227,481492683,沙漠荒芜之彼岸,1852,1080,1920,Y
日常,"上海,游戏,生活,手机游戏,新闻,明日方舟,鹰角网络,明日方舟终末地",BV1nZ4y1U7mk,2022-04-07 14:12:46,鹰角上新闻了？！,183,1049139,1966,2333,10808,4083,23441,66374,44491772,BartUriah,161,1280,716,N
日常,"生活,搞笑,记录,情感,情侣,社死,春日好生活",BV1jZ4y1U7fz,2022-04-07 17:50:00,社死！女友陪我去看男科，我被老教授盘了5分钟！！,472,1037791,3513,1902,4207,28337,9680,62051,2072577982,卑鄙的老曹,453013,1920,1080,N
日常,"可爱,正能量,情感,消防员,安全感,紧急呼救",BV1t5411D7dD,2022-04-06 22:51:26,银行小姐姐手被点钞机卡住紧紧抱住消防员求安慰！网友：蓝朋友给的安全感！,11,928954,137,484,2042,43,324,62865,1085380720,第一视察,10543,1080,1920,Y
日常,"生活,记录,纪实,真实事件,纪录片解说",BV14L4y1j7UY,2022-04-05 19:20:43,丈夫去世两年后贷了款，妻子：人都火化了，你们去地府要的签名？,371,925764,2270,2705,2051,1548,2359,20030,1760672075,暖暖人间爱,188,1920,1080,N
日常,"自制,生活,搞笑,学习,记录,情侣,VLOG",BV1Jq4y1a7Xg,2022-04-05 19:34:27,女朋友来姨妈嫌我烦 竟然有让我出去呆着这种好事！！！？,56,918233,156,331,1653,376,1120,65761,313824859,地位极高硬气鑫,589524,1080,1920,Y
日常,"韩国,上海,开放,共存,疫情,新冠",BV1AY4y1i77Q,2022-04-05 12:20:17,韩国躺平悲剧正上演：想共存，就要有跟父母告别的勇气,428,877028,6367,3859,4206,4204,4306,49823,97077404,留学生日报,1277810,3840,2160,N
日常,"萌娃,生活记录,打卡挑战",BV1pF41137DF,2022-04-06 08:43:15,半夜来急诊，没想到2岁的娃竟说出这话……,137,862959,877,1237,5166,3249,3120,69916,325399211,小蘑菇,114443,576,1024,Y
日常,我在B站做UP主,BV1h34y1x7AD,2022-04-06 18:23:08,一辈子的阴影！我被一个恶心男人猥亵了！,495,831024,6206,5497,9704,20389,3458,80676,406745134,阿银哦哦,1322883,1920,1080,N
日常,"现场,凤凰传奇,校园整活大王",BV1wT4y1Y76k,2022-04-05 23:07:59,还得是凤凰传奇啊,52,820539,430,1660,6100,2991,4640,51052,417442574,熟睡的孩子啊,58,2400,1080,N
日常,"感动,宝宝,真实,情感,剖腹产,记录生活的美好幸福时刻,跟着UP主创作吧（第三期）",BV1gL4y1j7uC,2022-04-05 23:57:55,我都没哭你还哭！90后妈妈见到刚出生孩子时反应太真实：早饭没吃都赖你！,59,740716,110,572,1082,55,702,44357,552482664,青龙视讯,3197,1920,1080,N
日常,"生活,搞笑,男子,奇葩,催收",BV1Z44y1G7mS,2022-04-08 12:05:18,男子网贷六百应急，到手只有六块，催收自己都笑了，爆笑！,104,736258,167,1258,496,53,375,11842,1831463858,谁等谁的人,350,1280,720,N
日常,"挑战,早睡早起,自律,熬夜,vlog,记录生活的美好幸福时刻,跟着UP主创作吧（第三期）",BV1vS4y1P77L,2022-04-09 16:20:00,连续熬夜了十年，现在开始早睡早起，还来得及吗？,574,737265,1987,2478,13394,16249,4988,41724,283753310,notyour_kei,1048140,1920,1080,N
日常,"青年,记录,深圳,真实故事",BV1KY4y1W71F,2022-04-06 11:55:00,“23岁嫁给大10岁的他，婚前被宠成公主，婚后一切都幻灭了”,530,730248,4962,2898,3148,762,2385,9938,524930260,二狗单身青年故事计划,135216,1920,1080,N
日常,"万恶之源,生活,日常,人性,出轨,道德,必剪创作,春日种草游园会,幸福生活研究所",BV1RP4y1K7ob,2022-04-06 11:15:47,【后续】父亲出轨多年，还回来道德绑架！,269,674366,2830,3375,13552,47201,615,94314,436839123,邵林一,484209,2160,1080,N
日常,"自制,生活,搞笑,学习,记录,情侣,VLOG",BV13Y4y1i7x9,2022-04-06 17:00:00,家庭地位这块 还得是我拿捏她！,53,658407,146,309,1100,227,537,42501,313824859,地位极高硬气鑫,589526,1080,1920,Y
日常,"生活,清道夫,入侵物种,打卡挑战",BV1zS4y117Gy,2022-04-08 10:00:00,清道夫用干净水就死，我也不想啊，它体质太弱了,157,642648,513,646,1245,1613,178,26925,24740162,鄙人汪谋,36110,1920,1080,N
日常,"搞笑,日常,校园,高能,大学生,记录,搞笑视频,有趣,沙雕,迷惑行为",BV1Y34y1x7WZ,2022-04-05 12:00:00,封校状态下的大学生,356,641385,2377,1428,12190,1344,20198,46449,3107068,快乐源泉bot,550285,1080,1920,Y
日常,小视频,BV1hS4y1P7Q9,2022-04-07 21:23:37,小孩子不懂事，发着玩的,17,631592,516,2660,12543,3189,5033,83189,933478,超级小華,854568,1080,1920,Y
日常,"加油,正能量,疫情",BV1zY4y1W7NN,2022-04-08 12:38:18,众志成城，共同战“疫”，向所有一线人员致敬。,22,577620,362,1266,2133,9336,431,68665,419738808,疯狂小杨哥,3473750,1080,1920,Y
日常,"上海,记录,隔离,生活记录,物资,疫情",BV1ci4y1D7Yq,2022-04-06 15:07:29,坐标上海，隔离期间第二批物资到了，一打开我人傻了,15,570838,812,3556,1253,3348,3407,29646,324779913,愿你-年少有为,53,1080,1920,Y
日常,"自制,生活,搞笑,学习,记录,情侣,VLOG",BV17Y4y1H7ih,2022-04-07 17:01:00,女朋友竟让我给他买汤臣一品？ 我一个大脖领子给她揪起来！,45,551656,70,248,854,195,354,39014,313824859,地位极高硬气鑫,589525,1080,1920,Y
日常,"DIY,手工,打火机,唐门暗器",BV1H5411D7D1,2022-04-06 18:49:38,一个打火机就能制作出唐门暗器？做好之后真是让人哭笑不得,145,545994,785,53,5640,464,15,2645,602060796,阿基实验室,669,1920,1080,N
日常,"毕业,回家,工作,山西,考研,县城,必剪创作,春日好生活,城市生活图鉴分享",BV18L4y1574Q,2022-04-08 20:37:23,毕业回家乡山西啦！小县城的清晨，阳光温热，出门买个饼子吃。,231,543009,2952,4430,2358,12838,3977,31134,1068501708,王芳芳的快乐生活,228230,1920,1080,N
日常,"韩国,江南,首尔,街景,街拍,生活记录",BV1ai4y1S7o5,2022-04-07 09:37:39,首尔已经 彻底躺平 全面开放！,283,530640,961,1089,2118,115,855,5346,693736923,首尔朴郭昌,514,1920,1080,N
日常,"感人,正能量,人美心善,心脏骤停,救人瞬间",BV1pu411i7Zi,2022-04-05 17:00:00,男子伸个懒腰导致心脏骤停，上辈子积了多少德竟然倒在医学院里！,283,527250,377,915,1333,573,224,23252,1237570226,讲故事的大熊,113,1920,1080,N
日常,"搞笑研究所,搞笑研究所3.0",BV1jT4y1Y7VZ,2022-04-09 13:30:14,当甄嬛传遇上法语,50,507770,389,560,1468,2104,856,48745,1217628212,Thurman猫一杯,1459483,1920,1080,N
日常,"生活,妹子,女神,性感,宿舍,搞笑视频,大长腿,小姐姐,必剪创作,校园分享官,校园分享官第2期",BV1yP4y1K7ke,2022-04-08 20:00:00,舍友♂面对诱惑已经麻木了,78,507392,97,971,3453,1535,6182,18512,45919639,Sunny水水水,101158,1920,1080,N
日常,"老外,高能,微电影,基和皮尔,歪果仁,人类迷惑行为",BV1uZ4y1U7oN,2022-04-07 19:31:14,心脏不好的不建议这么玩,41,491357,52,284,2212,100,796,20100,1150557177,鸭鸭洒水水,18567,960,720,N
日常,"自制,生活,搞笑,日常,高能,幽默,VLOG,卡琳娜,VLOG日常,春日好生活",BV1Qu411i7q9,2022-04-07 13:34:28,没错！这就是我老婆！！！,156,488332,2007,1660,5964,5073,4831,65715,28278842,仲尼Johnny777,1179226,1080,1920,Y
日常,"可爱,高甜,生活记录,Vlog,打卡挑战,记录生活的美好幸福时刻,跟着UP主创作吧（第三期）",BV1tT4y1v7b7,2022-04-06 19:00:00,【妍子】出门Vlog | 春天 就应该和我出去约会！,212,483169,473,706,10026,4439,2046,17149,3233316,妍子kenko,55534,1920,1080,N
日常,"上海,卡车司机,隔离,生活记录",BV1m34y1s7z2,2022-04-06 22:38:46,4月5日，上海。卡车司机被困路边，饿得摘菜吃，居民送饭他们连碗都没有。,15,480699,98,799,2181,209,2701,42068,318021536,中国网直播,46634,480,1036,Y
日常,"朋友,青春,回忆,友情,怀念,生活记录",BV1eS4y117Bu,2022-04-05 23:29:24,我在今天思念你，怀念你。致我失去的挚友。,59,476064,1529,477,6024,5153,833,59893,385179893,美子干嘛了,253010,1920,1080,N
日常,"美国,奥巴马,白宫,美国总统,拜登,医改",BV1x44y1V7VJ,2022-04-06 15:31:18,奥巴马卸任后首次回白宫，开口就叫“拜登副总统”，引来哄堂大笑,67,458914,293,700,2094,171,1177,33166,189866857,国防时报TV,948650,1920,1080,N
日常,"南京,老太太,打麻将,封闭,麻将精神,疫情",BV1Lr4y1p7R2,2022-04-06 21:24:34,南京毛老太，为打麻将“百里投毒”毁掉一个城，结局令人拍手称快,412,456727,213,503,539,80,250,4705,473911784,美少女战士喵呜_,8393,1920,1080,N
日常,"吐槽,隔离,生活记录,疫情,疫情生活记录,必剪春季踏青计划",BV15A4y197a9,2022-04-09 20:42:02,拜托！对于死宅来说隔离超爽的好吗！宅了这么多年，终于派上用场了,474,434887,2964,2704,2790,7837,2451,23507,838792,十元鲤,169702,1920,1080,N
日常,"生活,日常,记录,非洲",BV1R3411H7Bj,2022-04-07 12:00:00,过斋月了买不到好吃的，带几个汉堡回家，刚好大胃王第一次吃汉堡，给她尝尝,504,432066,4233,1755,887,7920,252,29252,393116415,非洲飞哥,631155,1920,1080,N
日常,"应急救援,水电铁军,中国安能,救援航母",BV1jq4y1a77v,2022-04-06 12:16:49,救援航母入水场面震撼！中国安能成都救援基地开展动力舟桥训练，看应急救援国家队专业硬实力（谢官桓、刘州港）,32,421555,174,660,1412,335,211,18742,414459244,中国安能-水电铁军,2763,1920,1080,N
日常,"美国,联合国,总统",BV1ZT4y1Y7dq,2022-04-08 19:06:25,美国60：18胜出，俄罗斯反对无效，联合国总部或将搬迁？,516,419105,278,990,269,47,40,6564,1023422744,踏过千里雪,1688,1920,1080,N
日常,"太宰治,中原中也,文豪野犬,双黑,cos,我今天出COS了！,漫展日记四月篇",BV1FY4y1H7yC,2022-04-05 18:11:13,就是千万不要定五星级酒店给中也过生日..你会...,28,413940,75,229,15627,653,2462,82502,1459589,许多鱼_港黑小辣椒,16664,1080,1440,Y
日常,"校园,老师,生活记录,vlog,记录生活的美好幸福时刻,跟着UP主创作吧（第三期）",BV1y44y1P71S,2022-04-05 15:11:36,教师vlog｜我真的太喜欢当老师的我自己了,237,413855,341,546,1943,888,755,7907,18684712,BABYXINA,55741,1920,1080,N
日常,"喵星人,生活,宠物,萌宠,VLOG,文韬",BV1JY4y1e7Pc,2022-04-09 17:30:00,【文韬VLOG】 又是为汤汤露露搬砖的一天，看看是谁要挑战我！,227,413389,1420,640,1589,4245,272,15591,412504829,文韬Stefan,820129,1920,1080,N
日常,"贝爷,德爷,刘庸",BV1z3411H7SX,2022-04-07 16:00:00,四国特工对阵天启四骑士？抗体之王刘庸横跨两大阵营！网友：强,77,411987,6,9,2485,129,2,2009,1080164746,裤子嘚吧嘚,112474,1920,1080,N
日常,"爱情,生活,情感,婚姻,我在B站做UP主,每个人都能成为UP主",BV1PP4y1T7ND,2022-04-05 13:01:15,先办婚礼，后领证，我还是离婚了…,594,411544,3266,2709,2166,1472,1049,7463,40329249,是黄西瓜,1786,1920,1080,N
日常,"开箱,贵金属,提金,电子垃圾提炼黄金,提银,大厨炼金记,工业废料提金",BV1Sr4y1p7hP,2022-04-05 11:23:18,这样的电路板，真是出金王者！,63,410466,42,72,260,49,26,8923,1138721507,炼金大厨来了,216219,1920,1080,N
日常,"感动,宝宝,妈妈,孩子,疫情,新冠肺炎",BV1jY4y1H7KE,2022-04-06 22:21:48,2岁小朋友感染新冠转阴康复后回家，见到妈妈说的一句话网友破防,54,407828,138,624,1127,184,454,38570,441855340,金鹰视频,1330,1920,1080,N
日常,"中国,正能量,医疗",BV1j94y1d7vF,2022-04-08 21:38:20,解放军陆军军医大学援沪医疗队将全面接管上海国家会展中心方舱医院。,113,404753,276,658,1991,238,3007,31686,508243838,-四分三十三秒-,407,720,1280,Y
日常,"生活,纪实,真实事件,纪录片解说",BV1E34y1x7vG,2022-04-06 19:54:26,美女按摩腰腹，不料太舒爽睡着了，醒来往下一看裤子没了！,358,404037,322,656,243,24,646,2669,1760672075,暖暖人间爱,189,1920,1080,N
日常,"密室,情感,情侣,分享,二人世界,生活记录,记录生活的美好幸福时刻,跟着UP主创作吧（第三期）",BV1RP4y1K7Dt,2022-04-08 12:30:00,自己的男朋友靠不靠谱？去玩一次密室你就知道了！,379,400628,2481,1336,2298,9358,3228,44361,16206007,vivi可爱多,2163870,1920,1080,N
日常,"自制,西安,房地产,买房,烂尾楼,期房,买房那些事,我在B站做UP主,一起记录2022,易合坊",BV1y3411H7yL,2022-04-05 10:43:55,买期房风险有多大？开发商都破产了房子还在卖，购房者家破人亡都没交房！,2171,400255,2474,3378,3995,21678,2799,30926,165360675,环华十年,275621,3840,2160,N
日常,"民工,真实,打工,搞笑视频,农民工,工人,VLOG,电工,必剪创作,星动整活排名,一起来整活呀",BV16Z4y1U751,2022-04-07 20:39:48,电工拿着锤子追了师傅两公里,61,398465,65,111,445,398,73,17572,2025360294,B站伙计二杰,26575,1080,1920,Y
日常,"生活,搞笑,科普,涨姿势,农村,田螺,入侵物种,福寿螺,打卡挑战",BV1g94y1Z7EZ,2022-04-07 10:00:00,福寿螺入侵严重，如何处理？如何简单分辨福寿螺和田螺？,155,393830,707,1068,1832,3953,282,30457,24740162,鄙人汪谋,36117,1920,1080,N
日常,"战斗民族,自制,生活,记录,VLOG,VLOG日常,记录生活的美好幸福时刻,跟着UP主创作吧（第三期）",BV1bY4y1H7H8,2022-04-05 18:00:00,带哒莎回家团聚 丈母娘说哒莎是遇见王子的灰姑娘？,299,384725,1562,884,731,5407,90,22010,542507083,贝加尔阿楠,365759,1920,1080,N
日常,"拦截,食物,老板,新闻现场,免费,低素质,插队,浙江杭州,食品厂,我在B站做UP主",BV193411H7P3,2022-04-06 11:16:10,食品厂老板免费发放食物，女子插队多次伸手遭拦截，老板一句话太帅,31,383844,40,544,395,32,25,23141,1557809597,山西新视频,733,1920,1080,N
日常,"万恶之源,妹子,高能,奇葩,名场面,我在B站做UP主",BV1x5411D7Lt,2022-04-05 16:24:48,盘点那些与死神硬刚的几位牛人，挑逗毒蛇被咬，小姐姐被强行劈叉,626,383423,947,148,465,139,249,2287,436254842,五花肉爆笑社,1737,1920,1080,N
日常,"可爱,美妆,生活记录,日抛,口罩一戴谁都不爱",BV1aa411i7Na,2022-04-07 18:04:55,化了个妆 戴口罩女神 脱口罩萌妹？,163,379489,251,593,3974,1172,1521,12444,341625004,叫我小8就好,25132,1920,1080,N
日常,"生活,记录,春日好生活",BV13Y4y1i7og,2022-04-06 18:05:00,都说“吃亏是福”，我今天沉浸式进村享福了！,137,375320,286,287,591,351,92,36994,662658732,玲子reiko-,1072048,1080,1920,Y
日常,小视频,BV1sY41177FR,2022-04-07 14:07:59,大家来分析一下这波坦克战双方的表现如何[doge],104,372638,762,5228,3390,366,4248,12925,324879,CRAZY262,1046428,1280,720,N
日常,"自制,校园,大学,考试,学习,梦想,考研,打卡挑战,必剪创作",BV1bu411e7Wy,2022-04-06 23:30:44,本校背着我偷偷努力,239,372291,219,1075,459,286,611,5252,383615699,陈yuanh_向上而生,1270,1920,1080,N
日常,"自制,生活,记录,小视频,芜湖大司马,大司马",BV1Ea411i7PH,2022-04-07 15:03:53,女生要的是安全感 而男人要的更多是理解包容和支持！,64,375491,263,563,4260,2086,1049,36472,244144308,大司马工作室,1580385,1080,1920,Y
日常,"文具,开箱,我在B站做UP主",BV1mP4y1K7BX,2022-04-07 17:00:00,开箱5款奇葩文具，你都见过几种？,158,371315,1239,99,3056,814,5,1725,403955212,秋刀鱼的快乐生活,9889,1920,1080,N
日常,"朋友,生命,偶像,友情,打卡挑战,必剪创作,今日清明，你想起了谁",BV1gT4y1Y7ip,2022-04-05 14:13:50,今天，向所有伟大的死亡致敬,119,369779,2834,1876,5698,3924,442,51001,1393278377,情绪稳定练习,3646,2160,3840,Y
日常,"自制,生活,搞笑,高能,减肥,记录,VLOG,VLOG日常,记录生活的美好幸福时刻,跟着UP主创作吧（第三期）,牛肉减肥法",BV11u411i7XA,2022-04-05 12:00:00,五天只吃牛肉！竟然能暴瘦10斤？,457,366089,2333,1077,2182,10266,972,42175,430926487,达达达布溜-,1498955,1920,1080,N
日常,"女神,夏天,古风,小姐姐,生活记录,春日好生活",BV1Si4y1S7Uk,2022-04-06 20:11:47,“是什么吹进了我的心里”,107,362219,954,990,6288,6783,2445,23189,27959806,洛丽塔大哥lolita,750203,3840,2160,N
日常,校园,BV1nL4y1j7Gx,2022-04-06 18:32:04,【封校憋不住了】凌晨去教室学习却听到不可描述的声音,166,344670,600,1179,1863,145,2720,16891,476061350,小璐-乱撞_,177,1080,1920,Y
日常,"上海,中国,解放军,正能量",BV1kS4y117yK,2022-04-08 11:07:16,专门整理了一下解放军援沪医疗队驰援上海的画面，亲人解放军来啦！,132,339547,263,655,3269,588,1897,31259,508243838,-四分三十三秒-,407,540,960,Y
日常,野球帝,BV1jr4y1p71o,2022-04-07 17:43:53,单纯点其实也不好！,61,338978,74,172,577,261,43,27704,1130114889,杨策YC1,70692,1080,1920,Y
日常,"爱情,生活,背叛,情感,原生家庭,春日好生活",BV1z94y1Z7nT,2022-04-08 21:00:00,“出于好奇我翻了对象的手机，相册里的内容让我感到恶心”,834,337378,1275,979,1688,885,1439,8517,496688267,北京青年x凉子访谈录,1383098,1920,1080,N
日常,"情侣,炉石传说,逗鱼时刻,备孕,衣锦夜行,桌游棋牌",BV1y34y1x7kE,2022-04-08 23:45:05,牛捉羊：斥巨资备孕体检,712,336612,2208,841,2241,9346,4484,17044,293816410,高冷女神牛捉羊,88975,1920,1080,N
日常,"生活,搞笑,校园,高能,公益,学习,记录,乡村小学,疫情生活记录,很努力的班主任,必剪春季踏青计划",BV1cY411E7MD,2022-04-07 12:00:00,关于我弄了两万多块钱给学生这件事……,423,333739,866,646,3575,25168,434,27585,22259744,很努力的班主任,314034,1920,1080,N
日常,"南昌,消防车,打卡挑战",BV1FP4y1T7ht,2022-04-06 10:55:37,4月5日，江西南昌。豪车也不能惯着！一辆私家车路边违停堵住消防通道，紧急情况下被消防车直接撞开。,14,333597,246,722,774,67,164,35589,318021536,中国网直播,46634,720,1280,Y
日常,"志愿者,VLOG,Super也好君,上海疫情",BV1eY4y1i7j2,2022-04-09 12:00:00,“我滴任务完成辣！”,666,329261,1284,1721,1850,9983,195,32768,1372433,Super也好君,1792541,1920,1080,N
日常,"自制,生活,搞笑,日常,逗比,奇葩,情感,VLOG,在下哲别,记录生活的美好幸福时刻,跟着UP主创作吧（第三期）",BV1aL4y157WX,2022-04-08 17:56:29,这大爷和我说他78岁，我感觉他在骗我,620,329204,3842,791,2363,7942,347,35117,416128940,在下哲别,2594204,1920,1080,N
日常,"生活,记录,非洲,小猴子,盖房,生活记录",BV1144y1V7Xq,2022-04-09 12:00:00,今晚我又喝酒了，给小猴子盖房有修改，现在各方面我都很满意了,320,323142,2632,2027,669,5572,159,23204,393116415,非洲飞哥,631154,1920,1080,N
日常,"爱情,异地恋,情感,情侣,网恋,生活记录",BV1wi4y1D7L4,2022-04-06 12:39:58,网恋奔现,292,319415,343,3253,2195,2005,1926,11363,255851717,我佛不渡馅饼,1098,1920,1080,N
日常,"大白,虚惊",BV1JY4y1i79m,2022-04-05 23:08:45,看见大白的一瞬间心都凉了,14,315801,9,74,618,6,40,35394,2062899106,芳华20,614,1080,1920,Y
日常,"万恶之源,美女,搞笑配音,非自然死亡,人类迷惑行为",BV185411D7W3,2022-04-05 12:49:04,“她还是这么单纯，竟然问我为什么要天天来！”,166,315082,149,85,787,1670,23,10928,669417258,音19777,1519,1920,1080,N
日常,"中国,生活,边境,云南,缅甸,北缅",BV1iS4y117rG,2022-04-05 12:52:53,中缅边境,7,313626,68,589,1405,30,93,34519,22946628,非凡啵啵嘴,231,576,1280,Y
日常,"生活,川普,川建国,嘉心糖,国王排名,校园整活大王",BV1K94y1d7UF,2022-04-09 13:13:20,请美国前总统川普给嘉然小姐庆生要花多少钱？,84,308123,320,3147,4392,4881,11080,22726,7075821,灰狼前辈,201,1920,1080,N
日常,"战地,战争,科普,美军,记录,服装,雇佣兵,开箱,搭配,我在B站做UP主",BV1AY4y1i7i3,2022-04-06 09:19:15,雇佣兵为何总是一身卡其色？门道居然怎么多！,78,308091,62,254,2875,120,39,16737,1209782136,铁血胖兵,92957,1080,1920,Y
绘画,"艺术,绘画,水彩,画画,谢尔比,浴血黑帮",BV1PS4y1D7Hc,2022-03-11 09:20:04,再来上一根，谢尔比水彩,12,7692634,695,1286,82115,9966,8590,633136,276462058,画画的喜爷,76682,1080,1920,Y
绘画,"孙悟空,艺术",BV11Y411E77T,2022-03-24 11:51:03,此件作品，材质用的普通酒瓶子，内壁处理成磨砂面，磨砂面相当于外画的纸张，任由发挥作画。作品孙悟空《齐天大圣》视频为剪辑快放。用时300多个小时完成！,84,5451333,7783,5875,66972,85723,11715,537618,1681547437,翰德内画艺术,43864,1080,1920,Y
绘画,"动画的创意玩法,可爱,绘画,板绘",BV1pU4y1o7Yb,2022-03-13 13:10:22,相信你可以变成更好的自己 即使慢一点也没有关系,20,4315283,1209,2489,73942,29273,11955,387591,617394761,米雷-RayDog,767604,1080,1920,Y
绘画,"手绘,绘画教程,绘画,画画,绘画过程,颜料,有手就行,怎么让画画变得有趣,跟着UP主创作吧（第三期）,正极画室,正极线上画室",BV1934y1s7rp,2022-04-03 12:20:24,老师给你示范一下,280,3975918,4375,1631,59889,16932,9889,295471,502673952,黄正极,254527,1080,1920,Y
绘画,"绘画,美食,生活记录,乡村生活,随便画画,手工绘画达人秀·第六期",BV1Bq4y1v7cR,2022-03-25 18:45:00,B站的兄弟们，我画了一幅画送给你们，不知道当送不当送。算了，还是送给自己吧！,401,3802078,12455,7197,38135,145490,14177,399213,1838326986,帅农鸟哥,1791401,1080,1920,Y
绘画,"原创,创新,国画颜料,水飞,七彩石,国风奇妙纪,国风奇妙纪-百花录",BV1Eu411q7wh,2022-03-19 14:05:35,五彩斑斓的黑：现代矿物七彩石制备国画颜料、最后的颜色出乎意料,141,3534895,756,694,12791,2997,1036,102801,1623368624,绘事微颜,152962,3840,2160,N
绘画,"绘画过程,美术生,艺考生,定格绘画",BV1qL4y1u7tc,2022-03-11 16:58:44,看到最后的影子没～,15,3313732,395,576,20805,1596,3303,227740,504211447,画个黑白灰,70172,1080,1920,Y
绘画,"卧槽,绘画,震撼,画画,高能,酷炫,大佬,有趣,跪了,惊艳,必剪创作",BV1qY4y1p7BG,2022-03-28 18:00:00,这是真有两把刷子,66,3275344,2429,2341,29311,1392,6758,325013,3107068,快乐源泉bot,550288,1080,1920,Y
绘画,"手绘,生活,绘画,日常,涂鸦,德芙,绘画过程,记录,丝滑,必剪创作",BV1Ta41147Wv,2022-03-29 10:12:54,真的有这么丝滑吗,115,3236920,1076,777,15617,532,857,168943,93596823,天将降大任于斯人也啊,8612,1080,1440,Y
绘画,"原创,生活记录,农村生活是什么样的,帅农鸟哥",BV1LP4y1u7YP,2022-03-17 11:47:17,B站的第一个视频，祝大家2022年虎力全开，虎虎生威！,367,3097937,11641,3848,23842,68790,19696,262770,1838326986,帅农鸟哥,1791405,720,1280,Y
绘画,"绘画过程,美术生,手绘视频,蓝色定格",BV1eq4y1e7hA,2022-03-16 16:49:32,尽量把普通生活过得光辉灿烂,16,2901380,344,857,31105,2131,2469,304514,532829562,美术头条,16699,1080,1920,Y
绘画,"美术,手绘,绘画,创意,手工,定格动画,神笔马良,diy,打卡挑战,一起做手工吧！,手工绘画达人秀·第五期",BV1qi4y1C7rH,2022-03-11 18:27:44,我用神笔马良的笔，画了一盘韭菜鸡蛋水饺，简直太好吃了,247,2492619,7010,3255,36629,140196,15866,254234,1831744377,靳建强,75238,3840,2160,N
绘画,"手工绘画达人秀·第五期,随便画画,自信,艺术,画画,插画,角色",BV13S4y1g7E5,2022-03-20 14:25:58,有时候自信可以定义审美,24,2297071,265,1029,23288,8669,4552,208437,617394761,米雷-RayDog,767605,1080,1920,Y
绘画,"手工绘画达人秀·第六期,随便画画,画画,春天,板绘,漫画",BV1aY411J7or,2022-03-29 13:00:10,《路边的野花不要吃》,15,2295309,383,997,37197,8102,3825,276587,617394761,米雷-RayDog,767605,1080,1920,Y
绘画,"手工绘画达人秀·第五期,随便画画,特朗普,绘画,搞笑,鬼畜,创意",BV15L4y1M7NF,2022-03-21 17:00:14,太硬核了！圆规画画 特朗普 肯尼迪,70,2097662,2616,2680,17794,18846,11875,124250,481946191,宝藏手工佬,3194,1920,1080,N
绘画,"艺术,手绘,绘画教程,绘画,绘画过程,马克笔",BV1QL4y177Qj,2022-03-28 14:59:08,用马克笔的最高段位，无形胜有形。,32,1969785,416,618,12003,325,611,165393,1259531439,美术生来了,13275,720,1280,Y
绘画,"非遗,传承文化,蓝靛,花青,青黛,国风奇妙纪",BV19F41147gG,2022-03-13 12:00:08,传统植物水色：花青制作过程详解  青出于蓝而胜于蓝,224,1879300,862,889,23705,8801,2274,123459,1623368624,绘事微颜,152963,3840,2160,N
绘画,"必剪创作,绘画,创意,画画,魔法,素描,绘画过程,美术生,绘画教程,美术",BV1V44y1T71t,2022-03-18 17:10:20,学美术的和不学美术的看了都沉默了,68,1772321,967,932,14456,628,1134,146747,369044386,浮躁jjb,6691,1080,1440,Y
绘画,"绘画,美食,乡村,生活记录,春笋,随便画画,手工绘画达人秀·第六期",BV1EL4y157DL,2022-04-08 23:17:35,村书记找我作画啦，我是不是可以开始全县巡画了？,486,1676631,9433,4786,9344,77049,3557,169178,1838326986,帅农鸟哥,1791414,1920,1080,N
绘画,"表情包,ipad,procreate,创意,绘画,手写",BV11q4y147iV,2022-03-19 10:00:06,用 表 情 包 写 立 体 字,117,1670366,907,606,41304,2727,2550,176160,23224821,MEspace天植,248409,1080,1920,Y
绘画,"艺术,原创,手绘,绘画,画画,水彩,插画,翻翻乐,翻翻看,必剪创作",BV1aa411877t,2022-03-15 17:57:24,水彩本翻翻乐，两分钟通关！,119,1632677,1812,1756,85076,54333,4214,216974,2051352283,龙猫不是耗子,32091,1920,1080,N
绘画,"绘画,青金石,传承文化,国画颜料,国风奇妙纪,国风奇妙纪-百花录",BV1Tq4y1q77J,2022-03-17 07:00:11,传统矿物颜料：通货青金石提取顶级、普通两种四色国画颜料及使用方法,182,1560068,268,412,4362,1396,805,14523,1623368624,绘事微颜,152964,3840,2160,N
绘画,"绘画,画画,00后,随便画画,致00后的预防针,手工绘画达人秀·第六期",BV1qu411q7Ma,2022-03-23 18:10:52,致00后的预防针,17,1558207,2082,4889,61883,14892,5119,172470,13960052,元茶茶茶茶茶,7380,1440,2560,Y
绘画,"这智能座舱，能处不？,绘画,手工,生活,汽车,diy,AITO问界M5",BV18Y411371a,2022-03-16 17:22:01,在车上就能蹦迪，最炫的五彩天幕,154,1540608,1486,670,13592,11761,1244,107559,517184570,画渣不渣-HZ,1050342,3840,2160,N
绘画,"绘画,晚安,手绘",BV1yq4y1e7fZ,2022-03-14 23:04:59,《第1300个星星小人-晚安》来自b站上上上条视频的100条留言,24,1516118,8410,3417,31364,6325,1198,249472,28033852,罗元1994,272724,2154,3840,Y
绘画,"打卡挑战,美术生,艺考,艺术,美术,考试",BV1YP4y1T7fd,2022-03-26 18:34:44,美术生考试现场，姜还是老的辣,66,1510375,206,371,12580,276,444,277427,2017187653,李佩华速写,19822,1080,1920,Y
绘画,"手工绘画达人秀·第五期,随便画画,读书,校园,学习,插画,动画",BV1rq4y1e7gX,2022-03-17 11:37:20,不想你输 所以叫你用功读书,27,1508256,804,783,8404,2977,1099,120985,617394761,米雷-RayDog,767612,1080,1920,Y
绘画,"历史,原创,绘画,课本,满级绘画,我弟的历史书",BV1MR4y1F7FK,2022-03-16 00:23:28,⚡️我弟的历史书⚡️,78,1473812,1886,2556,19013,1356,3979,160698,1840039243,飞行荷兰人的水手,950,720,1280,Y
绘画,"手绘,斗罗大陆小舞",BV1XL4y177Bt,2022-03-28 19:27:43,斗罗大陆:不同画风的小舞，你喜欢哪一个呢,70,1471797,264,51,6744,542,56,3788,1650528851,西瓜小叶液,1123,2588,1456,N
绘画,"手绘,绘画,小丑,绘画过程,随便画画,手工绘画达人秀·第五期",BV1MT4y1U7Vf,2022-03-11 17:05:40,随笔小丑,24,1465225,625,516,28082,2484,1311,210788,1504862822,画江湖咯,103661,1080,1920,Y
绘画,"绘画,画画,插画,美术,画师,艺术,打卡挑战",BV1oT4y1v7o3,2022-03-20 21:40:09,听说米山舞这次收敛了？！谁敢信这只是一个眼影彩妆广告和歌曲MV呢？,208,1410679,634,1390,98325,14707,13531,205103,2035286445,画手请就位,207983,1920,1080,N
绘画,"手工绘画达人秀·第五期,随便画画,绘画,板绘,插画,绘画教程,绘画过程,小技巧,商业插画,原画,接稿",BV1da411876o,2022-03-10 20:00:09,卑微画师：甲方，你睡了吗？我睡不着。。。【插画喵】,33,1393244,41,258,44858,1159,687,119803,473836356,插画喵,40193,720,1280,Y
绘画,"生活记录,宅在家里时能做哪些有意义的事情？,建设美丽乡村,跟着UP主创作吧（第三期）,回村画画",BV1ku411v7SD,2022-03-30 16:50:00,村里人从不理解到逐渐打成一片,100,1391210,938,1291,4952,8820,814,71367,410682880,hello刘小备,42797,1920,1080,N
绘画,"手绘,绘画,随便画画,手工绘画达人秀·第六期",BV1j94y1f7Yw,2022-03-24 15:45:37,龙,33,1377579,661,1017,22033,3239,1174,176278,1504862822,画江湖咯,103661,1080,1920,Y
绘画,"美术,艺术,手绘,绘画教程,绘画,画画,视频教程,绘画过程,手绘视频,随便画画,手工绘画达人秀·第五期",BV1Wu411B7e8,2022-03-13 19:08:11,笔下5幅最像实物的画,305,1251530,1239,621,9808,7611,2844,50208,20401122,意大利画家马斯洛,275842,1920,1080,N
绘画,"板绘,绘画,画画,艺术,学习,插画,设计,上色,绘画教程,procreate",BV1VR4y1V77L,2022-03-10 17:30:00,有哪些值得关注的画画博主呢？这期是我的宝藏干货博主推荐！！冲呀！,29,1221632,281,1363,73205,3498,1089,110104,97231513,银河投递员ov,81191,1440,2560,Y
绘画,"手绘,绘画,怎么让画画变得有趣,跟着UP主创作吧（第三期）",BV1ci4y1C7y5,2022-03-13 13:08:55,吾往矣 虽千万难,32,1177094,900,1632,20959,4743,1628,118248,1504862822,画江湖咯,103661,1080,1920,Y
绘画,"手工绘画达人秀·第五期,随便画画,粉笔画,画画,艺术,原创,日常,绘画教程,插画,上色",BV1rL4y1u7E2,2022-03-11 19:33:30,粉笔也能画出漂亮美丽的花儿，运笔方法就这么简单,132,1125241,434,475,17346,7033,2459,64477,550941587,绚丽粉笔画,205128,1920,1080,N
绘画,"原创,手绘,生活,绘画,板绘,头像,绘画过程,插画,接单,约稿",BV1UY4y1i7zF,2022-03-24 17:13:22,【板绘】接了张100R的稿，画完单主居然要约1000R的稿,150,1079154,972,1691,3432,2627,980,46142,1245980200,乔导or,14261,1920,1080,N
绘画,"手工绘画达人秀·第五期,随便画画,绘画,画画,速写,速写60天挑战,原画,工作,就业",BV1DF411s7FV,2022-03-19 11:05:13,【速写杂谈】努力画了10年，他终于被淘汰了...,90,1069879,397,690,22366,387,416,153945,1309665635,速写班长,315824,1080,1920,Y
绘画,"像素,像素画,像素艺术",BV1pa411t7PV,2022-03-22 14:11:25,你以为的像素艺术 VS 实际上的像素艺术,15,1019635,219,475,31697,407,1010,200178,412719797,YouTube精彩视频-,1201937,576,1024,Y
绘画,"鬼畜,美术,手绘,绘画,日常,画画,美食,有手就行,万物皆可动画,秃顶吴彦祖",BV1YL411w7yo,2022-03-20 08:00:02,妹说就是零卡！,146,1015687,843,473,1623,6194,861,42664,8749302,於音,133607,1920,1080,N
绘画,"绘画,珍珠粉,传承文化,国画颜料,水飞,国风奇妙纪",BV1iY41137MS,2022-03-13 08:00:13,矿物颜料：珍珠粉炮制水飞制作过程及使用方法,165,1009890,238,299,2651,676,234,22590,1623368624,绘事微颜,152965,3840,2160,N
绘画,"艺术,绘画,画画,板绘,画师,学习,原画,插画,随便画画,Sam Yang,手工绘画达人秀·第六期",BV1b34y1s7J6,2022-04-04 12:00:00,男友视角下的女友动人瞬间，有代入感了吗都市丽人们——画师Sam Yang,23,987261,177,518,26924,3371,1739,59137,590759321,画师驿站,22814,2160,3840,Y
绘画,"动漫,反转,太宰治,文豪野犬,短视频,玻璃画,怎么让画画变得有趣,跟着UP主创作吧（第三期）",BV19T4y1i7Qd,2022-03-28 17:25:15,【太宰治】太宰治到底有多帅？,14,981566,140,227,13825,392,745,156578,401336255,不绘吧不绘吧,10500,2160,3840,Y
绘画,"手工绘画达人秀·第五期,随便画画,有手就行,手书,绘画,原创,摸鱼",BV1iP4y1M77H,2022-03-12 12:02:16,我唱着妈妈唱着的歌谣～,15,964836,185,598,28465,6469,1810,118258,44170362,卷er,268291,1440,2064,Y
绘画,"艺术,原创,手绘,绘画教程,绘画",BV1y34y1s7pK,2022-04-02 12:12:40,水面不会画？但是画直线你总会吧？,24,930344,4861,857,19108,154,418,142074,356629478,麦叮水彩,36840,1440,1080,N
绘画,"手工绘画达人秀·第六期,随便画画,绘画,板绘,插画,绘画教程,绘画过程,procreate,有手就行,肩颈画法,人体比例",BV1vL411w7yv,2022-03-22 20:00:04,如何画出正确的肩颈？人体比例崩坏？全网最细肩颈画法教程【插画喵】,34,911636,112,193,53769,1253,628,75712,473836356,插画喵,40193,720,1280,Y
绘画,"绘画,画画,绘画过程,手绘,艺术,丙烯画",BV17T4y1U7sp,2022-03-11 19:56:03,【丙烯画】油管大神WowArt的每日挑战 《爱你一万年》,688,885755,1117,436,8668,2921,2679,27417,405007525,Margarita绘画,282697,1280,720,N
绘画,"美术,艺术,手绘,绘画,绘画过程,艺术家",BV1Cq4y1Y72t,2022-03-30 15:22:20,有时候艺术往往是那一瞬间诞生的。,16,876123,234,294,7002,186,489,63676,1259531439,美术生来了,13275,576,1024,Y
绘画,"原创,手绘,绘画,画画,板绘,头像,绘画过程,插画,接单,约稿",BV1sY41137NA,2022-03-13 12:00:08,【板绘】接了一张5R的稿子，但老板好像不满意,142,870745,494,1377,1561,670,328,37888,1245980200,乔导or,14261,1920,1080,N
绘画,"艺术,绘画,璃月,夜兰,朝雾,夜阑,整活,原神,原神UP主激励计划,原神2.6",BV1434y1475N,2022-03-30 15:45:00,【原神】腋兰光脚黑丝,196,861983,629,1170,19578,11933,9136,45067,6751172,朝雾星弦,364491,1920,1080,N
绘画,"绘画,绘画过程,胡桃,临摹,彩铅,原神",BV14Y4y1s7eX,2022-03-25 20:30:00,给粉丝画胡堂主，但是画崩了,104,861338,614,604,13678,3310,407,85119,396649851,㤾㝽,15468,1920,1080,N
绘画,"艺术,手绘,搞笑,日常,画画,学习",BV1JY4y1q7JZ,2022-03-29 14:17:38,完美,19,857024,98,130,10692,1293,950,69454,401441053,十倍生活,7890,1080,1920,Y
绘画,"高能,震撼,跪了,卧槽,天赋,有趣,画画,绘画,人类幼崽",BV1Aa41187pq,2022-03-17 22:14:04,这可能就是天赋吧,107,848464,471,773,5660,467,4337,51468,3107068,快乐源泉bot,550290,1080,1920,Y
绘画,"艺术,绘画教程,板绘,绘画过程,procreate,ipad画画,随便画画,零基础自学,打卡挑战,手工绘画达人秀·第五期",BV1CR4y1577X,2022-03-10 19:10:17,人物光影详细步骤｜100天陪伴式画画day54,50,831485,83,279,41576,1323,533,70188,270036397,画画的小杏子,44827,1080,1920,Y
绘画,"美术,绘画,头像,绘画过程,素描,美术生,素描头像,随便画画,画室日常,打卡挑战,手工绘画达人秀·第五期",BV13i4y1k7w2,2022-03-19 17:53:10,住手，你们不要再打了,66,827839,601,165,9774,174,181,131732,1252945779,郑红远素描头像,26498,1080,1920,Y
绘画,"绘画,画画,绘画过程,绘画教程,iPad画画,procreate",BV1nU4y1Z7f5,2022-03-16 17:53:23,看到前面你猜到我要画什么了吗,30,821150,318,417,22756,1160,1180,135243,456981975,微冰手绘,64815,1080,1920,Y
绘画,"画画,小叶紫檀,制香,传承文化,国画颜料,国风奇妙纪,国风奇妙纪-百花录",BV1Br4y1i76w,2022-03-20 19:59:40,传统植物水色：探究小叶紫檀制备国画颜料 不到最后变化不止 。顺便做了镇尺、倒流檀香和底座消遣一下,190,806358,274,315,2109,1593,377,14999,1623368624,绘事微颜,152965,3840,2160,N
绘画,"画渣,大触,插画,手绘,原神,艺术",BV1zY411n7nN,2022-03-22 13:29:11,快来看看这画技如何？,76,800800,447,333,8308,251,1498,70666,1796481051,年少轻狂沈才子,918,1280,720,N
绘画,"手工绘画达人秀·第六期,随便画画,绘画,绘画过程,手绘,艺术,原创",BV1La41147kt,2022-03-30 20:26:00,花费5000买颜料，为刚出世的儿子打造一个隐形世界,200,792484,1222,557,5995,10959,797,57855,517184570,画渣不渣-HZ,1050343,2560,1440,N
绘画,"手绘,日常,校园,学校,米哈游,原神,雷电将军,原神UP主激励计划,原神2.5破次元",BV1VR4y1c7JJ,2022-03-19 13:31:41,⚡总有地上的学生⚡，⚡敢于直面老师的威光⚡,40,764485,352,470,7757,505,573,119659,503513133,-老猫砂-,1830,1920,1080,N
绘画,"原创,手绘,绘画,绘画过程,怎么让画画变得有趣,跟着UP主创作吧（第三期）",BV1ES4y117T3,2022-04-01 12:47:40,玩一次盲抽画画,81,762367,333,364,14644,595,692,82011,550292277,小熊奶黄包简笔画,22494,1080,1920,Y
绘画,"手工绘画达人秀·第六期,随便画画,有手就行,绘画,手绘,原神,派萌",BV1P44y1N7er,2022-03-21 21:22:19,阿贝多，论画技，你输我太多了！,65,741823,408,1002,14887,3747,1296,83074,15339435,皮亚罗,108989,1920,1080,N
绘画,"国风奇妙纪-百花录,国风奇妙纪,画皮,手绘,神话,中国风,妖怪",BV1NS4y1U7wo,2022-03-19 15:17:47,《画皮》——“我爱过一个人，一心想和他在一起，他说他爱我，我相信了…”,41,740578,222,305,15969,1957,408,99557,301340086,画师杉泽,534573,1080,1920,Y
绘画,"SAI,插画,绘画教程,板绘,画画,手绘,绘画过程,艺术,学习,头发画法",BV1G44y1T72H,2022-03-14 18:05:03,原来画头发来源于西瓜,29,732111,131,187,23979,585,425,47831,1446014863,零基础板绘教程,83709,1080,1920,Y
绘画,"手绘,搞笑,绘画,创意,手工,定格动画,神笔马良,diy,打卡挑战,一起做手工吧！,手工绘画达人秀·第六期",BV1YY411J7in,2022-03-27 19:30:09,就你叫神笔马良啊,252,721476,986,957,5540,19260,1467,50505,1831744377,靳建强,75241,3840,2160,N
绘画,情侣,BV1mY411J7jC,2022-04-02 21:31:13,Derya | 我和男朋友玩的一些绘画小游戏,124,710323,200,215,18985,427,2907,115502,110372664,undermybelt,105870,1080,1920,Y
绘画,"绘画,板绘,板绘过程",BV1HU4y1o7Cz,2022-03-11 14:20:15,【WLOP】风曳【板绘】,346,698675,592,1221,12528,12456,2116,66393,26633150,wlop-,2478088,1920,1080,N
绘画,"原创,手绘,绘画,怎么让画画变得有趣,跟着UP主创作吧（第三期）",BV1H44y1N7LR,2022-03-21 12:11:38,情不知所起 一往情深,31,685021,232,425,10690,1700,774,71137,1504862822,画江湖咯,103662,1080,1920,Y
绘画,"板绘,绘画,画画,手绘,艺术,插画,上色,水彩,画师,国风",BV11P4y1T78c,2022-03-24 18:00:00,国内值得关注的百万粉级别的插画师，开创国风独特风格，真全是大神！！,37,657882,186,334,29811,1118,421,98317,97231513,银河投递员ov,81191,1440,2560,Y
绘画,"搞笑,板绘,厚涂,绘画过程,解说",BV1b3411p79t,2022-03-26 19:15:22,欢迎来到绘画大赛，TEAMO选手又要表演新技能了,139,655658,758,285,18355,1196,973,94507,230875249,-TEAMOO-,204671,2160,3840,Y
绘画,"手工绘画达人秀·第五期,随便画画,有手就行,零基础,油画棒,入门,绘画教程",BV1MS4y1g7PT,2022-03-19 11:25:53,新手入门必备技法《一球画万物》 油画棒你应该知道的事！,58,652597,54,127,24881,487,436,63190,521561165,美玥的油画棒,80287,1080,1920,Y
绘画,"有手就行,打卡挑战,原创,狗头,搞笑,手绘",BV13T4y1i7FF,2022-03-26 19:36:05,秦的弓弩为什么会这么强（狗头）,32,652458,291,331,14872,183,256,166833,434363391,拔鼻毛画画,13634,1080,1440,Y
绘画,"美术,艺术,绘画,色彩,联考,随便画画,手工绘画达人秀·第六期",BV1zY4y1p7Cx,2022-03-30 16:45:11,教授笔下的角色个个绿着发慌。,25,638473,116,153,14158,262,320,117383,2146895881,美术就是爆炸,9300,576,1024,Y
绘画,"珊瑚,非遗,传承文化,国画颜料,水飞,国风奇妙纪,国风奇妙纪-百花录",BV1PR4y1c7Bn,2022-03-20 07:00:16,合法珊瑚制八宝印泥辅料及国画颜料过程详解,142,636115,166,324,2921,884,181,30601,1623368624,绘事微颜,152967,3840,2160,N
绘画,"手工绘画达人秀·第六期,随便画画,绘画,画画,绘画过程,手绘,艺术,原创,绘画教程,卡通形象,设计",BV12L411w7ph,2022-03-24 18:27:34,手把手教你如何给自己设计一个卡通形象，这画风爱了！,16,626561,133,121,8168,80,56,85508,1553175352,likacartoons,31080,500,1080,Y
绘画,"美术,艺术,手绘,绘画,创意,设计",BV1yu411v7Hr,2022-03-29 00:59:33,价值不菲的装饰画,26,623629,139,157,4872,137,123,57532,1084239750,美术在前,17193,720,1280,Y
绘画,"画画,板绘,拟人,文物,国家宝藏,随便画画,有手就行,必剪创作,手工绘画达人秀·第六期",BV1eS4y1K7Yq,2022-04-02 17:46:53,合集（上）|文物拟人暂告一段落，合集来啦,19,608163,157,383,23185,2410,644,77869,414332917,画画的玉玉卿,101125,1080,1920,Y
绘画,"手工绘画达人秀·第五期,随便画画,有手就行,绘画,原创,手书,古风",BV18b4y1p7TD,2022-03-18 19:33:24,山间一老人，夸我有慧根～,17,596824,206,1140,19481,4128,1423,73249,44170362,卷er,268295,1080,1920,Y
绘画,"必剪春季踏青计划,疫情生活记录,通心粉鼠,电容笔",BV1wU4y1o7Dy,2022-03-24 14:54:32,一小时耗能一粒瓜子的电容笔,30,591823,152,684,3106,639,5447,18647,18116180,美少女的双下巴,3248,1920,1080,N
绘画,"跟着UP主创作吧（第三期）,怎么让画画变得有趣,马克笔,临摹,米山舞",BV1QL4y1j77B,2022-03-23 15:53:19,马克笔临摹·听说眼睛像汉堡,13,579147,223,326,22536,1112,571,142922,434788044,强里个强-,8552,1080,1920,Y
绘画,"搞笑,SAI,插画,绘画教程,板绘,画画,手绘,艺术,绘画过程,画师",BV1gU4y1Z7vu,2022-03-15 17:52:48,一个专注整活UP，这个我是真心喜欢。,25,563929,23,227,30312,1365,329,54879,1446014863,零基础板绘教程,83711,1080,1920,Y
绘画,"原创,吐槽,手绘,搞笑,绘画,厚涂,板绘,绘画过程,搞笑视频,随便画画,手工绘画达人秀·第六期",BV18Y4y1q7Jw,2022-03-29 19:02:08,gb人画画怎么吸引富婆的注意…,87,554723,827,928,17241,2098,2275,84039,11292325,柒叶Qiye,606680,1080,1920,Y
绘画,"美术,艺术,绘画,画画,绘画过程,插画,手绘视频,随便画画,有手就行,打卡挑战,手工绘画达人秀·第五期",BV1RL4y1T7Ti,2022-03-16 08:30:15,流动的自然-东北虎,332,543935,606,815,6443,5852,1145,22590,34061582,画画的青川,37711,3840,1920,N
绘画,"手工绘画达人秀·第五期,有手就行,原创,手工,＃tag,绘画",BV18S4y1U7z6,2022-03-19 08:29:00,金鳞岂是池中物,65,535662,303,1005,2036,2004,690,21994,1379356469,冒牌三桂,21862,1280,720,N
绘画,"手工绘画达人秀·第五期,随便画画,绘画,原创,手书,摸鱼",BV1Wa411b7dE,2022-03-11 11:25:00,《马》,32,535612,167,507,20779,4695,1367,88430,44170362,卷er,268296,1080,1548,Y
绘画,"绘画,中国风,怎么让画画变得有趣,跟着UP主创作吧（第三期）",BV1HP4y1T7Cw,2022-03-23 12:02:56,芳华,33,535478,218,376,5375,1244,398,73115,1504862822,画江湖咯,103663,1080,1920,Y
绘画,有手就行,BV1XT4y1e7CV,2022-04-03 10:45:28,迷你世界：弟弟画的小舞PK我画的小舞,68,528641,1,1,928,25,1,249,1171272096,看动画学画画,1390,1920,1080,N
绘画,"原创,手绘,搞笑,绘画过程,马克笔,康师傅,泡面,手绘视频,有手就行,我在B站做UP主,美食UP主真是什么都有呢",BV1TU4y1d79h,2022-03-20 12:00:11,笑死！这是我见过最生草的康师傅泡面哈哈哈哈,99,526789,606,458,2621,1443,1075,29253,8495180,哲哲哲同学,173655,1920,1080,N
绘画,"美术,原创,搞笑,绘画教程,绘画,画画,学习,插画,干货,教练我想画漫画",BV1QU4y1R7Fn,2022-03-19 19:00:14,职业漫画家教你一笔不画，也能画漫画！,1100,522852,3481,1423,61040,32229,3374,51106,355338023,插座君快成了,28484,1920,1080,N
绘画,"手工绘画达人秀·第五期,随便画画,色彩,技巧,绘画,艺术,美术生",BV1xY41137Mp,2022-03-14 02:46:56,快速调准肤色三种方法,30,521034,98,140,50133,1755,512,66015,2087871907,半条美术生,21405,720,1280,Y
绘画,"手工绘画达人秀·第五期,随便画画,绘画,画画,绘画过程,手绘,艾尔登法环,菈妮,老头环",BV1DL411A7TF,2022-03-13 11:58:21,彩铅画一个艾尔登法环 菈妮,274,514844,770,942,7965,18424,4798,40501,28330240,叶无趣,1115560,1920,1080,N
绘画,"绘画,进步,画渣,procreate,进步史",BV1GY4y1W7Ry,2022-03-31 23:14:58,没人看的进步,42,505864,474,604,11059,893,454,88324,1624041197,芮荲苪RAM,79615,1080,1920,Y
绘画,"绘画教程,绘画,画画,板绘,绘画过程,插画,小技巧,procreate,随便画画,有手就行,手工绘画达人秀·第六期",BV1Nb4y1W7Q4,2022-03-27 19:30:00,Ipad绘画隐藏小技巧你知道吗？快速给线稿上色！【插画喵】,24,505101,35,129,16431,492,165,24246,473836356,插画喵,40195,720,1280,Y
绘画,"手工绘画达人秀·第五期,随便画画,有手就行,绘画,原创,古风",BV1KY411n78d,2022-03-16 22:15:40,施主若问近日姻缘如何，待小道我给你算上一算...,13,498115,131,611,10552,2754,729,61332,44170362,卷er,268299,720,1008,Y
绘画,"绘画,绘画过程,画画,大触,艺术,创意绘画,上色,创意,板绘,procreate",BV1Rb4y1H7cL,2022-03-20 11:00:11,丝滑！让人舒适度拉满的ipad绘画！！,138,497415,100,152,3820,653,295,23989,3562949,生活就是画画画,1556418,1920,1080,N
绘画,"手书,手绘,绘画,CH,COUNTRYHUMAN",BV1AL4y1j733,2022-04-03 19:06:25,【CH/短手书】我用什么把你留住,40,496073,164,388,26639,5852,1951,61746,87403937,MUKALINE_果子,7490,1080,1080,N
绘画,"美术,艺术,手绘,绘画,画画,考试,速写,美术生,随便画画,速写人物,手工绘画达人秀·第六期",BV1Ra411x7P1,2022-03-29 18:13:43,美术生考试现场，敢为人先，再来一年！,70,495854,118,213,2716,97,65,57075,2017187653,李佩华速写,19825,1080,1920,Y
绘画,"防疫日记：在家做点啥？,打卡挑战,生活记录,原创,脑洞,记录",BV1Ri4y1C7Tv,2022-03-15 17:53:13,你的口罩上一定也有这个……希望疫情快点过去吧！,81,491618,210,246,3328,3665,362,54306,378123632,唯佳酱,727529,1080,1906,Y
手工,"生活记录,农村生活是什么样的,帅农鸟哥",BV1tT4y1U7rB,2022-03-18 13:54:40,谁会拒绝一首免费的稻香呢～如果你把在城市的努力程度放到农村，你的生活也可以过的很好。,337,12573880,29713,11896,213664,471010,79345,1442293,1838326986,帅农鸟哥,1791556,720,1280,Y
手工,"生活记录,一起做手工吧！,手工绘画达人秀·第六期,帅农鸟哥第一个手工视频",BV1SS4y1U7GP,2022-03-26 15:54:28,B站的姐妹们，小心你们的手机屏幕。兄弟们，对不住了。,320,9809197,18750,7999,44476,53784,11634,632113,1838326986,帅农鸟哥,1791561,1080,1920,Y
手工,"绘画,绘画过程,画画,大触,艺术,创意,手绘,创意绘画,上色,我的世界",BV1ei4y1r7qf,2022-03-17 17:00:00,真 人 版 我 的 世 界,133,6408155,4214,866,85679,51459,14934,419070,3562949,生活就是画画画,1556418,1920,1080,N
手工,"手工绘画达人秀·第五期,一起做手工吧！,手工制作,自制,原创,生活,创意,设计,视频教程,钻戒,樱花",BV1WL4y1T7TV,2022-03-12 11:00:08,樱花钻戒,188,5805687,3038,3931,79551,15362,20744,457194,1357943689,金功良匠,254116,1080,1920,Y
手工,"跟着UP主创作吧（第三期）,人类沙雕行为,童年,上课,校园,回忆,奇葩",BV12u411B76V,2022-03-10 03:13:50,小时候上课是如何偷看小说的？,145,5168114,192,118,7048,605,19,4162,588148296,郭小嚜,33776,1920,1080,N
手工,"跟着UP主创作吧（第三期）,记录生活的美好幸福时刻,经典,怀旧,文具,童年",BV1e3411s7Mu,2022-03-19 08:07:53,不同年代的修正带，你用过几款？,143,4496536,411,188,5916,538,75,7247,588148296,郭小嚜,33776,1920,1080,N
手工,"国风奇妙纪-百花录,国风奇妙纪,手工,自制,原创,有手就行,文物修复",BV1ha411t7by,2022-03-21 20:33:20,【耗时三个月】我帮学妹修好了她的毕设,524,4443620,3506,2870,59760,116519,6919,309857,9046228,在下曼妥思,234807,1920,1080,N
手工,"理发,B站新人,涨粉狂魔,一起做手工吧！,山城小栗旬,手工绘画达人秀·第六期",BV1Ca411x71u,2022-03-30 13:00:00,100W粉丝达成，去找小栗旬老师理个发。,499,4205532,15458,5764,14720,34659,8486,338534,1838326986,帅农鸟哥,1791575,1080,1920,Y
手工,"生活记录,一起做手工吧！,帅农鸟哥,手工绘画达人秀·第六期",BV1q3411s7HX,2022-03-22 18:56:21,兄弟们，你们知道我的蓝色战衣怎么弄破的吗？男人有的时候会有脾气，但是事情还是得照常做。,343,4103623,8309,4015,15447,45781,5077,261792,1838326986,帅农鸟哥,1791580,720,1280,Y
手工,"手工,DIY,原创,创意",BV1y44y1K75b,2022-03-10 18:45:08,diy一个大老虎,34,3917357,2059,2115,30878,10956,4948,363528,386322306,钢铁猎人1,38709,1080,1920,Y
手工,"工艺,传统",BV1oY411J76f,2022-03-15 11:40:10,传统苏工工艺,26,3908956,13631,2527,11863,13763,323,395369,1773928351,苏工精品橄榄核雕刻,38861,576,1024,Y
手工,#扔在路边没人敢捡,BV1Uq4y1i7a6,2022-03-13 09:19:51,孢子,34,3600990,594,1135,27585,1072,1205,190262,282586352,UMBRELLApor,175851,576,1024,Y
手工,"童年,怀旧,玩具",BV11S4y137rA,2022-03-11 09:46:27,童年怀旧文具大礼包，80、90后的回忆！,246,3548500,334,72,7793,619,36,3996,588148296,郭小嚜,33777,1920,1080,N
手工,"回忆,童年,铅笔,90后",BV14q4y1v7jV,2022-03-21 05:37:48,小时候的铅笔是怎么用完的？,160,3306278,125,27,3722,327,9,1828,588148296,郭小嚜,33778,1920,1080,N
手工,"必剪创作,手工绘画达人秀·第五期,微缩,迷你,DIY小屋,视频教程,有手就行,打卡挑战",BV1cT4y1i7U5,2022-03-21 18:00:06,【手工木屋】在椰子壳里建个家，你家里的生活用品应有尽有了吗？,554,3100125,3923,2283,31679,82566,9349,157852,380450992,栗子小匠,35280,1920,1080,N
手工,"雪糕棍,创意手工,一起做手工吧！,手工绘画达人秀·第六期",BV1eL4y177NS,2022-03-31 03:48:42,用雪糕棍做8种好玩的玩具,227,2858428,138,31,37829,3344,47,15108,588148296,郭小嚜,33778,1920,1080,N
手工,"DIY,生活记录,一起做手工吧！,帅农鸟哥,手工绘画达人秀·第五期",BV1XR4y1F7JU,2022-03-19 11:26:05,会一点手工，会一点绘画，会一点厨艺，我的内容应该放在什么区？,352,2795890,8724,4129,9853,23973,5354,184804,1838326986,帅农鸟哥,1791628,720,1280,Y
手工,"开箱,快递,文具",BV1Lb4y1p74y,2022-03-18 10:07:03,把快递当成文具盲盒拆是什么体验？（2）,216,2655609,438,114,5458,520,22,2227,588148296,郭小嚜,33778,1920,1080,N
手工,"青春,周杰伦,磁带,农村生活是什么样的,帅农鸟哥",BV1eF411x7sx,2022-03-22 11:47:32,81年，四十来岁，喜欢周杰伦的飒，正常吗？我是周杰伦的老粉，我买过周杰伦的磁带。（不知道精选评论区的意思，刚刚点错了）,366,2625798,9484,4859,7854,17348,4577,167140,1838326986,帅农鸟哥,1791630,720,1280,Y
手工,"操作,舒服,放松,解压,生活记录",BV1R3411n7bF,2022-03-29 07:04:03,解压舒适 太喜欢这种操作了,625,2625355,10,11,4895,285,15,1866,329444234,亮亮-1983,4950,1280,720,N
手工,"原神UP主激励计划,原神2.5破次元,搞笑,有手就行,原神,甘雨,雷电将军,玩具,手办模玩,那个女人",BV19q4y1e729,2022-03-20 07:00:16,【实体表情包】甘雨，别吃啦。。。,50,2541511,1260,1932,47869,29643,25947,242274,678073,Melonshu,78594,1920,1080,N
手工,"跟着UP主创作吧（第三期）,无聊的时候都怎么过？,手工,科学,实验",BV1a34y1t7RW,2022-03-16 11:31:16,用笔芯做有趣小实验,191,2476293,135,35,3859,367,5,2342,588148296,郭小嚜,33778,1920,1080,N
手工,"原创,老虎,生活记录,一起做手工吧！,手工绘画达人秀·第六期",BV1BY411J7hd,2022-04-01 19:32:33,很多朋友好奇，我视频里经常出现的老虎是哪里来的，当然也是自己做的。,361,2467687,8861,5401,13533,59081,5236,229413,1838326986,帅农鸟哥,1791652,1080,1920,Y
手工,"手工,模型,模型制作,手办,制作过程,恐怖传说,奇闻,异形,诡异,手工制作",BV1uL411A7NW,2022-03-26 16:30:00,模型制作：神秘街角的22号咖啡店，进去了就别想轻易出来！,135,2385610,1,5,5923,186,1,1525,1372914301,沫小陌ing,45612,1920,1080,N
手工,"DIY,手工,一起做手工吧！,帅农鸟哥,手工绘画达人秀·第五期",BV1WP4y1u7gs,2022-03-20 17:59:28,迟来的入驻视频，做了一个竹蜻蜓，B站的朋友们，我算起飞了吗？,153,2355996,5771,4749,7340,15917,2277,175118,1838326986,帅农鸟哥,1791656,1080,1920,Y
手工,"手工绘画达人秀·第五期,一起做手工吧！,手工,学生,小朋友,粘粘球,胶带球,解压,玩具,挑战,整蛊",BV1144y1K7Ky,2022-03-16 16:40:37,挑战用臭屁包做整蛊粘粘球，没想到居然先把自己给坑了,62,2285743,3,3,1150,118,3,449,471967040,小叮当手作,6928,1920,1080,N
手工,"奇葩,橡皮擦,无聊的时候都怎么过？,跟着UP主创作吧（第三期）",BV1E94y1Z7mF,2022-04-05 05:53:17,假如橡皮擦有段位,210,2180134,447,159,6065,303,47,1945,588148296,郭小嚜,33778,3840,2160,N
手工,"手工绘画达人秀·第六期,致敬大白，有手就行！,解压,手工,学生,小朋友,玩具,粘粘球,胶带球,挑战,海洋宝宝",BV1Nu411B7wu,2022-03-25 16:16:40,挑战用200颗海洋宝宝做粘粘球，难度直接升级，这次能成功吗？,71,2174894,0,2,1248,82,1,322,471967040,小叮当手作,6928,1920,1080,N
手工,"手工绘画达人秀·第六期,一起做手工吧！,手工,吃货,枪模,搞笑,DIY,军迷,CSGO,有手就行,奶酪棒,反恐精英",BV1Bu411q7ej,2022-03-25 17:52:38,奶酪棒是给你这么吃的？,211,2146036,1887,2285,22684,44366,4093,171712,65876359,奔跑的任多多,8238,1920,1080,N
手工,"跟着UP主创作吧（第三期）,随手拯救手帐素材,打卡挑战,沉浸式,手帐,拼贴",BV1Zb4y1H7dd,2022-03-18 13:13:59,沉浸式贴立体卡|四翼天使,56,2128419,732,549,55602,3298,4019,284233,12367088,霜茶好好喝,54203,1080,1920,Y
手工,"农村生活,一起做手工吧！,帅农鸟哥,手工绘画达人秀·第五期",BV1ST4y1U7wL,2022-03-19 18:24:14,做了一个耙松树毛的工具，我们这边叫爪耙，你们叫什么？,411,2044752,9115,3304,7922,19225,3138,142170,1838326986,帅农鸟哥,1791660,720,1280,Y
手工,"手工绘画达人秀·第五期,一起做手工吧！,手工,学生,小朋友,粘粘球,胶带球,解压,胶带粘球,玩具,挑战",BV1m44y1M77k,2022-03-12 16:47:03,挑战花100元买成品粘粘球，切开的瞬间还会爆出彩虹，太美啦,75,2020846,24,18,1177,104,13,858,471967040,小叮当手作,6928,1920,1080,N
手工,"绘画,绘画过程,画画,大触,艺术,创意,创意绘画,手绘,美术,上色",BV1CL4y1u7t2,2022-03-11 17:00:19,这年头手办也能卷？教你用易拉罐做一个擎天柱！,235,1933829,1512,993,12253,8300,2131,82320,3562949,生活就是画画画,1556420,1920,1080,N
手工,"手工绘画达人秀·第五期,随便画画,艺术家,艺术,牛,美术,天赋",BV1Qi4y1r7Qs,2022-03-20 09:38:59,这艺术天赋无人能比啊。,30,1876808,152,445,23199,646,488,181732,1877426445,美术有毒,8219,720,1280,Y
手工,"功夫,手工,生活记录,一起做手工吧！,手工绘画达人秀·第六期",BV1RU4y1d7mt,2022-03-23 12:23:09,像这样的毛竹，我年轻的时候可以踢十根，现在么，砍柴刀用得也挺顺手。,355,1856784,6689,2700,5635,16273,3302,136673,1838326986,帅农鸟哥,1791663,1080,1920,Y
手工,"有手就行,打卡挑战,手工,戳戳乐,创意手工,宠物",BV1EY411n7Bf,2022-03-22 14:27:09,让毛孩子重新回到主人身边,52,1855960,11762,1260,27884,2495,1379,321371,17178628,酥脆的羊毛毡,36172,1080,1920,Y
手工,"国风奇妙纪-百花录,国风奇妙纪,手写,文具,手工,DIY,写字",BV1Eu411q7W1,2022-03-19 19:09:57,蒸汽波笔是什么东西？写出来太梦幻了！,119,1814434,1791,1591,11125,3575,1504,118541,9728698,祁么么mo,1155612,1920,1080,N
手工,"生活,乐高,手工,DIY,模型,汽车",BV1jF411s7Px,2022-03-29 09:49:38,办法总比轮子多,141,1809299,1706,1405,34345,6884,9719,95840,13558933,亚巴拉辛巴,331401,640,480,N
手工,"童年回忆,解压,切球,必剪创作,胶带球,diang宝宝,粘球球,胶带粘球,切胶带球,宅在家里时能做哪些有意义的事情？,跟着UP主创作吧（第三期）",BV1P44y1P7kK,2022-04-03 03:36:15,50厘米我肝出来了,383,1787923,3203,2332,6366,11195,2012,66525,11849864,南瓜快瘦快瘦,3474,3840,2160,N
手工,"手工绘画达人秀·第五期,一起做手工吧！,手工,自制,猫和老鼠,TOM,汤姆",BV19u411i73K,2022-03-20 00:18:45,手 页 冠 军,36,1777644,357,937,41067,8997,5256,229210,59598675,狂糖异下紫,278727,1920,1080,N
手工,"动画创想研究所,动画的创意玩法,原创动画,定格动画,治愈系,#手工,#迷你厨房,极度舒适,打卡挑战",BV1fP4y1T7hk,2022-03-26 08:35:11,草莓果酱吐司/加长版/定格动画,43,1744289,440,850,16154,15820,2590,156305,73385525,红胡子老爹定格工坊,309307,2160,3840,Y
手工,"创意,制作,手工制作,玩具,纸模,模型制作",BV1CZ4y1B76B,2022-03-24 21:32:24,抛   壳   步   枪（改造完毕）,79,1698765,1447,2183,12362,4730,4598,166805,1011400940,不要开枪我自己倒,4489,1080,1920,Y
手工,"治愈,美食,樱花,春天,甜品,糖霜饼干,一起做手工吧！,手工绘画达人秀·第六期",BV1tL4y1L79i,2022-04-02 16:31:00,我把春天做成了能吃的“樱花水晶球”【糖霜饼干】,417,1693935,1363,952,17675,25517,8521,77958,1066116711,糖霜饼干的奇妙物语,88962,2560,1440,N
手工,"手工绘画达人秀·第五期,一起做手工吧！,解压,手工,学生,小朋友,玩具,粘粘球,胶带球,挑战,改造",BV1xL4y1T7Ez,2022-03-15 16:45:41,废球大改造，挑战把切过的球球变新粘粘球，这样做一下子就变大,65,1641581,1,13,663,47,1,2290,471967040,小叮当手作,6928,1920,1080,N
手工,"DIY,手工,电焊,生活记录,一起做手工吧！,手工绘画达人秀·第六期",BV1g94y1f7pn,2022-03-24 12:16:43,电焊，也会一点，是我做过最辛苦的工作。需要爬高空钢架，夏天的时候衣服没干过。,358,1625219,7109,2410,4939,13190,1965,118685,1838326986,帅农鸟哥,1791664,1080,1920,Y
手工,"手工,竹编,奇人匠心,非遗",BV1uY411H7Wq,2022-03-25 11:00:00,总有人说竹子不值钱，但在竹编工艺品的所有附加价值中，时光是最贵的一项,15,1579414,2189,813,23772,5856,813,280293,1528539521,竹编技艺大师,22604,1080,1920,Y
手工,"手工绘画达人秀·第五期,一起做手工吧！,艺术家的快乐日常,手工",BV1Yr4y1B7bh,2022-03-11 16:27:26,第一次被别人的作品震撼到,37,1561395,410,533,18197,882,1734,234479,1176972733,张煜东East,172353,1080,1920,Y
手工,"手工绘画达人秀·第五期,一起做手工吧！,解压,手工,学生,小朋友,玩具,粘粘球,胶带球,胶带粘球,挑战",BV1xU4y1o7Ey,2022-03-13 16:23:40,挑战用粉丝的方法做空心粘粘球，居然一次就成功，还能变双面球,82,1544516,6,9,674,79,1,714,471967040,小叮当手作,6928,1920,1080,N
手工,"生活,日常,手工制作,手工,定制,解压",BV1x5411D7VC,2022-04-05 11:19:59,贵是有原因的，制作真正的手工定制皮鞋,702,1532381,2402,1590,5750,2389,1690,22546,196197424,怪咖科技宅,2745,1920,1080,N
手工,"教程,DIY,手工,表情包,手帐,疫情下的校园生活,校园分享官第2期",BV1yT4y1e77m,2022-04-03 08:00:00,教程｜用表情包做的小机关手帐立体书｜请大数据推送给每一个疫情被封的人,302,1494284,335,505,52561,4986,4040,163013,35982454,咕咕咕咕叽歪,23171,1080,1920,Y
手工,"手工绘画达人秀·第五期,一起做手工吧！,手工制作,创意,设计,生活小技巧,原创,手工,生活,视频教程,艺术",BV19L411A7Gt,2022-03-13 22:15:19,你离大触只有亿点距离 | 简单艺术创作技巧,910,1481918,200,32,2082,188,29,1427,691250144,5-MinuteCrafts中文,336081,1280,720,N
手工,"文具,童年,奇葩",BV1qP4y1T7UC,2022-03-25 05:41:30,小时候那些被咬过的文具,209,1470380,176,53,2229,266,13,1088,588148296,郭小嚜,33778,1920,1080,N
手工,"手工,手工制作,艺术,制作,和田玉,原创",BV1XT4y1m7m3,2022-03-14 01:10:59,你是否也有过疑惑，石狮子嘴里的球是怎么放进去的,40,1428125,407,601,10227,265,232,194874,438213851,支一奥赵,3061,1080,1920,Y
手工,"手工绘画达人秀·第六期,一起做手工吧！,打卡挑战,粘土,可爱,制作过程",BV1dP4y1T7hu,2022-03-24 14:06:22,没有名字，就叫超可爱吧！,33,1419061,140,261,9498,558,930,114386,1982668634,徐大花xudahua,21848,1080,1920,Y
手工,"猫和老鼠,治愈系,教程,可爱,模型,手工,助眠,羊毛毡,微缩场景",BV1oZ4y1m7uh,2022-04-01 19:30:12,【密林手作】羊毛毡 | 杰瑞的小屋 | 治愈手作记录,1551,1393646,930,675,11637,17590,4979,52722,147174770,密林手作,353601,1920,1080,N
手工,#扔在路边没人敢捡,BV1Uq4y1i7LE,2022-03-13 21:59:07,感染菌株,41,1372805,566,620,8177,538,385,56203,282586352,UMBRELLApor,175850,480,864,Y
手工,"不要笑整蛊挑战,不许笑整活挑战,女朋友",BV1Xu411v7tn,2022-03-29 11:44:28,收到女朋友的礼物，心情无比激动！,184,1367140,37,17,3315,155,2,1099,588148296,郭小嚜,33778,1920,1080,N
手工,"跟着UP主创作吧（第三期）,分享排解压力的99种方式,没有",BV1Zq4y1Y7to,2022-03-27 11:58:07,没有橡皮擦怎么办？,158,1361818,230,40,1624,140,8,772,588148296,郭小嚜,33778,3840,2160,N
手工,"创意,手工,折纸,有趣",BV1YY4y1i7gw,2022-04-06 19:05:15,折纸可以有多有趣,93,1338191,700,425,30366,2023,5005,112205,84519683,七海悠仁,105877,852,480,N
手工,"手工绘画达人秀·第五期,一起做手工吧！,解压,手工,学生,小朋友,寻宝,DIY,挑战,玩具",BV1vS4y137fb,2022-03-10 16:44:01,挑战奇葩方式抽钻石，改变原有的方法，这次还能顺利抽到想要的吗,69,1316774,0,0,720,30,2,358,471967040,小叮当手作,6928,1920,1080,N
手工,"手工,手工制作,模型,手作,模型制作,手办,玩具,模型玩具,创意手工,奇闻",BV11T4y1U717,2022-03-19 16:30:16,模型制作：别轻易捡古董回家，它很有可能是一个食人祭坛！,153,1308879,2,4,2740,143,2,1120,1070271810,游戏酱小冉,26941,1920,1080,N
手工,"手工绘画达人秀·第六期,一起做手工吧！,手工,学生,小朋友,挑战,玩具,粘粘球,胶带球,解压,捏捏乐",BV1gZ4y1z7rc,2022-03-29 16:24:03,挑战用家里的材料，自制可以爆浆的解压包子，再做成粘粘球会怎样,62,1300412,0,2,886,28,2,216,471967040,小叮当手作,6928,1920,1080,N
手工,"童年,回忆,一起做手工吧！,手工绘画达人秀·第六期",BV1DY4y1q7zM,2022-04-02 06:51:54,小时候的塑料袋是怎么玩的？,210,1235854,78,19,1592,159,5,678,588148296,郭小嚜,33778,3840,2160,N
手工,"手工绘画达人秀·第六期,一起做手工吧！,生活小妙招,视频教程,手工,原创,制作,设计,艺术,手作,树脂",BV1vY4y1q7kF,2022-03-30 22:56:00,又是让你爱上树脂的一期 | 树脂热熔胶手工指南,916,1235256,115,32,1024,65,13,594,691250144,5-MinuteCrafts中文,336081,1280,720,N
手工,"手工绘画达人秀·第五期,一起做手工吧！,手工,学生,小朋友,粘粘球,胶带球,解压,玩具,挑战,改造",BV1UT4y1v7fG,2022-03-20 16:24:52,挑战废球大改造，把全部切过的粘粘球团在一起，能变成新球球吗？,71,1233359,1,9,555,44,0,372,471967040,小叮当手作,6928,1920,1080,N
手工,"手工,解谜,益智,puzzle,一起做手工吧！,手工绘画达人秀·第六期",BV1wY4y1W7nD,2022-04-03 19:00:00,耗时半个月，我终于破解了史上最迷你的鲁班锁！,796,1187944,6277,1046,8389,23301,564,61311,73415355,GM的秘密基地,1373292,1920,1080,N
手工,"手工,手工制作,模型,手作,模型制作,手办,玩具,模型玩具,创意手工,奇闻",BV1zY411E7U6,2022-03-23 16:30:00,模型制作：诡异惊悚的影院厕所，进去了就别想出来！,172,1148347,6,0,2500,76,0,932,1070271810,游戏酱小冉,26941,1920,1080,N
手工,"手工绘画达人秀·第六期,一起做手工吧！,手工制作,手作,羊毛毡,牧场",BV1Da411x7Ay,2022-03-27 16:11:58,我把我家的猫做成了......一只奶牛？,242,1120704,534,522,2354,2498,398,29875,1895195099,江寻千,1019458,1920,1080,N
手工,"古风,姜广涛,BJD,国风,自制bjd,一起做手工吧！,手工绘画达人秀·第五期",BV1qr4y1B7Wt,2022-03-13 00:00:39,斗胆请了姜sir来给我的自制bjd念旁白……,542,1118388,3454,2502,50018,70739,10544,164828,31881,太白金星小蓬莱,28430,3840,2160,N
手工,"手工绘画达人秀·第六期,一起做手工吧！,手工,木工,DIY,技术宅,手工制作,手工艺品,木工车床,数控雕刻机,CNC",BV1aT4y1e7La,2022-03-30 21:01:20,"粉丝寄来开裂木头，里面竟然""暗藏杀气""",710,1086890,2140,837,1644,5213,345,28326,520428114,木艺周先生,116381,1920,1080,N
手工,"解压,手工,学生,小朋友,玩具,粘粘球,胶带球,胶带粘球,有手就行,测评",BV1Yb4y1p7PN,2022-03-21 16:58:13,又发现超好用的胶带，价格只要一半还能徒手起丝，切开变空心球,67,1071406,3,12,984,76,4,487,471967040,小叮当手作,6928,1920,1080,N
手工,"手工绘画达人秀·第六期,致敬大白，有手就行！,手工,学生,小朋友,粘粘球,胶带球,解压,玩具,挑战,胶带粘球",BV1hT4y1i7Fv,2022-03-23 16:40:02,黄金粘粘球成长记，挑战把一颗小球心，变成23厘米的大粘粘球,61,1064275,0,2,729,77,1,342,471967040,小叮当手作,6928,1920,1080,N
手工,"猫猫,手工,生活记录",BV1gY411J7E4,2022-03-28 19:18:11,用弓字板给朋友做了一个猫爬架,121,1041841,4631,2291,2759,8028,2671,95619,280793434,手工耿,6339518,1080,1920,Y
手工,"橡皮章,手工制作",BV1xY4y1s7sC,2022-03-25 18:06:10,橡皮章-海绵宝宝,63,1020676,4,23,1005,46,10,1313,108563098,三木章,48178,1920,1080,N
手工,"打卡挑战,制作过程,女生,模具,艺术品,好身材",BV11i4y1r7JG,2022-03-19 21:37:39,女生用身体当模具做一个雕像是什么样效果呢？,43,1018435,77,238,1671,57,36,35769,191155958,全球不知道,15215,1080,1920,Y
手工,#扔在路边没人敢捡,BV1Er4y1B7EF,2022-03-13 09:43:50,氪石,20,1014857,191,405,6653,126,379,52827,282586352,UMBRELLApor,175849,576,1024,Y
手工,"绒花,手工制作,汉服配饰",BV1NS4y1D7PD,2022-03-12 10:01:05,【绒花】就很春天呐,42,1014853,263,293,15362,1308,1049,140515,383141429,云中手作,87841,1080,1908,Y
手工,"手工,竹编,奇人匠心",BV1sU4y1o7y1,2022-03-11 17:00:19,中国手工艺品的现状，支持不一定要买，关注才是对我们最大的支持。,33,1000588,171,743,6716,1361,114,145360,1528539521,竹编技艺大师,22604,1080,1920,Y
手工,"模型,手办,创意,手工制作,玩具,手工,模型制作,手作,模型玩具,创意手工",BV1hP4y1K78c,2022-04-03 16:30:00,模型制作：湖边突然出现的美女请注意，她的身下可能有惊喜！,163,999840,2,4,2876,93,0,536,1070271810,游戏酱小冉,26941,1920,1080,N
手工,"手工绘画达人秀·第六期,致敬大白，有手就行！,手工,学生,小朋友,粘粘球,胶带球,解压,玩具,挑战,捏捏乐",BV1iF411x7DG,2022-03-22 16:45:26,挑战用气球做彩虹粘粘球，没想居然做成捏捏乐，切开还有彩虹喷泉,83,981776,7,0,446,42,2,219,471967040,小叮当手作,6928,1920,1080,N
手工,"手工绘画达人秀·第五期,一起做手工吧！,手工制作,生活小技巧,日常,手工,制作,生活,艺术,手工皂,肥皂",BV1mr4y1B7w4,2022-03-14 22:25:01,又到了大家喜欢的手工皂环节了 | 肥皂使用及制作小妙招,915,975748,103,60,586,77,23,903,691250144,5-MinuteCrafts中文,336081,1280,720,N
手工,"跟着UP主创作吧（第三期）,分享排解压力的99种方式,解压,手工,学生,小朋友,玩具,粘粘球,胶带球,胶带粘球,挑战",BV193411W7Lb,2022-03-14 16:39:13,挑战把刺猬球做成粘粘球，选对胶带一次成功，切开瞬间还爆出水晶,72,975520,0,1,398,27,0,187,471967040,小叮当手作,6928,1920,1080,N
手工,"跟着UP主创作吧（第三期）,记录生活的美好幸福时刻,打卡挑战,必剪创作,手工,火漆,解压,手工制作,创意,火漆蜡,手帐",BV1Rq4y1i7W6,2022-03-16 21:01:33,粉丝投稿8-红绿金半透明,43,915645,233,320,9544,157,151,105255,11868776,新芽酱,30534,1080,1920,Y
手工,"手工绘画达人秀·第六期,一起做手工吧！,手工,学生,小朋友,粘粘球,胶带球,解压,玩具,PK,胶带粘球",BV1wS4y1K77t,2022-03-31 16:49:42,小卖部粘粘球胶带大PK，5元胶带居然还不如1元的好玩,83,905248,1,1,588,41,0,178,471967040,小叮当手作,6928,1920,1080,N
手工,"石青,传承文化,国画颜料,蓝铜矿,一起做手工吧！,手工绘画达人秀·第六期",BV1iu411v7GL,2022-03-29 19:46:55,古法制色：淘澄飞跌制石青（蓝铜矿）各色及使用详解,171,900320,441,624,4756,1960,614,46971,1623368624,绘事微颜,152983,3840,2160,N
手工,"#扔在路边没人敢捡,#生化危机",BV1W3411W7Jc,2022-03-13 17:40:33,复仇女神,30,898661,229,303,3355,161,132,41144,282586352,UMBRELLApor,175849,576,1024,Y
手工,"国风奇妙纪-百花录,国风奇妙纪,书法,手写,练字,铅笔,硬笔书法",BV1fF41147Xo,2022-03-14 21:05:17,常见字连笔写法分享，看完就会！铅笔写字的沙沙声太催眠了～,94,882437,785,679,13427,3516,793,37529,521124101,写字的西瓜,216657,1920,1080,N
手工,"手工绘画达人秀·第六期,一起做手工吧！,手工,木工,木雕,手办,雕刻,二次元,艾伦,进击的巨人,始祖巨人",BV1JF411W7jw,2022-03-24 15:00:00,始祖巨人，将夺走你所有卧槽！【木雕进击的巨人】,469,875384,1305,843,8635,24944,3361,57467,1862341682,越南木雕小哥Duy,31603,1920,1080,N
手工,"必剪创作,强迫症福音,解压,强迫症福利,减压,放松,舒服,助眠,催眠,制作",BV17r4y1q7QD,2022-03-25 20:50:42,极度解压，强迫症的福音，入耳一瞬间大满足！,113,863202,250,339,9204,934,562,23486,399883430,SAND_机长,6619,1920,1080,N
手工,"三连,玩具,手工制作,创意,制作,模型",BV1KL4y177yn,2022-03-25 18:40:53,这个小玩具你想拥有吗,15,854713,286,270,9037,11325,143,32594,1868319794,JDKFUFJFNF,9665,720,1280,Y
手工,"手工,匠人,手工艺",BV1di4y1C79r,2022-03-18 15:52:14,传统苏工工艺 纯木吧刀一刀一铲,25,843104,264,749,3221,2772,68,84090,1773928351,苏工精品橄榄核雕刻,38861,720,1280,Y
手工,"手工绘画达人秀·第五期,一起做手工吧！,手工,记录,原创",BV1K44y1T7dQ,2022-03-17 01:18:58,黄金蛋？,32,824151,34,92,3456,51,37,67219,630262332,解忧黄金变现,14316,720,1280,Y
手工,"手工绘画达人秀·第六期,一起做手工吧！,手工,手机,支架,长尾夹",BV11Y4y1s7nf,2022-03-26 02:41:50,用长尾夹制作10种简易手机支架,185,814246,64,20,6675,696,15,3926,588148296,郭小嚜,33778,1920,1080,N
手工,"手工绘画达人秀·第五期,一起做手工吧！,艺术家的快乐日常,手工",BV16Y41137dL,2022-03-17 17:33:36,没有买卖就没有伤害,35,811178,123,260,5547,363,472,124370,1176972733,张煜东East,172353,1080,1920,Y
手工,"手工绘画达人秀·第五期,一起做手工吧！,解压,手工,学生,小朋友,玩具,粘粘球,胶带球,挑战,胶带粘球",BV1ou411B733,2022-03-18 16:36:45,冰球撕皮原来这么解压，再挑战徒手拉丝做冰球粘粘球，能成功吗,73,807280,1,8,410,33,0,262,471967040,小叮当手作,6928,1920,1080,N
手工,"粉丝,手工,生活记录,帅农鸟哥",BV1KS4y1U7Jg,2022-03-21 10:24:48,这就，30w啦？这可是我一年的目标啊。实在来不及更新，这次我把这个（木墩墩）送了吧，一样送给本条视频点赞最多的幸运鹅。,284,805811,3070,3441,3773,14230,1854,68310,1838326986,帅农鸟哥,1791691,720,1280,Y
手工,"手工,制作,创意,漫威,蜘蛛侠,东西南北",BV1HL4y1M7hW,2022-03-23 10:06:18,今天给大家伙做个手工,60,800420,94,165,12810,625,238,52835,24712675,damon12121,76709,576,1024,Y
手工,"手工绘画达人秀·第五期,一起做手工吧！,解压,手工,学生,小朋友,玩具,粘粘球,胶带球,挑战,自制",BV1Au411z7rt,2022-03-17 16:42:19,挑战自制比足球还要大的粘粘球，切开还能不断爆浆，太解压了,77,795427,4,7,620,42,1,299,471967040,小叮当手作,6928,1920,1080,N
手工,"原创,自制,生活,日常,模型,创意,手工制作,手工,设计,一起做手工吧！,手工绘画达人秀·第六期",BV1v5411S7aB,2022-04-02 18:43:00,吃完的龙虾不要丢 加点零件 钢铁直男馋哭了,550,790633,1840,1280,9017,19909,3496,41737,38461325,黑猫重工,414805,1920,1080,N
手工,"手工,创意,羊毛毡,RIO微醺,RIO微醺春季限定,春天,微缩场景",BV1cZ4y167EV,2022-03-18 19:30:03,【密林手作】羊毛毡 | 易拉罐里的春天 | 治愈手作记录,178,783790,503,441,8351,6689,2259,58719,147174770,密林手作,353603,1920,1080,N
搞笑,"搞笑,娱乐,奇葩,网课,厨子老师,搞笑新星训练营,搞笑新星训练营5.0",BV1BZ4y1m7BE,2022-04-03 19:06:23,10万播放我发给他妈,17,9595603,3990,5807,90213,23941,48447,816121,274459325,方山厨子,260708,1080,1920,Y
搞笑,"五菱神车,秋名山车神,漂移,汽车,名场面,国产之光",BV1mS4y1N7Ss,2022-03-30 16:35:24,“动力不详，遇强则强”,170,8937841,19442,5398,155694,111592,66665,544732,402002385,秃马君,308358,1920,1080,N
搞笑,"搞笑研究所2.0,搞笑研究所,逗比,搞笑,奇葩,沙雕,高能,舔狗,孙火旺",BV1hY411J7j5,2022-03-27 11:42:23,【舔狗之王】“我最巅峰的时候同时舔七个”,499,8806257,63371,21952,168546,513641,321706,699052,586789337,我叫孙火旺,1607740,3840,2160,N
搞笑,"重返帝国,重返帝国不删档上线,原创,生活,谭谈交通,二仙桥,华强买瓜,搞笑,娱乐,李广奇",BV1Ku411B7XR,2022-03-29 20:22:16,《梗王之王》多少梗，快来快来数一数，24678...,350,8053294,20196,6684,91575,159448,41767,581417,330415548,谭乔,3522914,1920,1080,N
搞笑,"搞笑研究所2.0,搞笑研究所,原创,娱乐,沙雕,魔性,幽默,老坛酸菜,方便面,315",BV1f34y1t7G4,2022-03-22 11:00:13,土坑酸菜被曝光以后，我在承受失业之苦,168,7826162,10468,7286,47343,132570,33838,473719,10360627,张全蛋,739809,1920,1080,N
搞笑,"成龙,代言,广告,代言倒闭",BV1HS4y1D72K,2022-03-18 14:31:35,大哥魔咒（成龙代言产品下场）,69,7629746,2238,4023,77231,8976,25993,316939,1827331465,从众排行,34451,1920,1080,N
搞笑,"搞笑研究所2.0,搞笑研究所,蓝线挑战,爆笑名场面,骚操作,网友骚操作",BV1pY411n76j,2022-03-20 16:30:14,蓝线挑战爆笑名场面：山海经你们都在第几页？,82,7382893,267,86,35301,2147,764,150018,1410477444,游戏熏小空,19851,1920,1080,N
搞笑,"必剪创作,高斯,数学,学习,逗比,搞笑视频,奇葩,全程高能",BV1GP4y1T7FP,2022-03-20 16:37:24,“高 斯 在 世”,81,7334828,7752,9478,114848,22566,90727,532840,354367503,淦斯巴达,13148,1080,1920,Y
搞笑,"搞笑研究所2.0,真人版,碳基生物,翻拍",BV1yL411P7TY,2022-03-18 15:03:11,碳基生物真的很喜欢推门,72,7145123,459,484,39921,5732,675,77035,230926815,阿星and阿奇,589324,1920,1080,N
搞笑,"搞笑研究所2.0,搞笑研究所,逗比,挑战,搞笑,奇葩,娱乐,沙雕,魔性,生活,高能",BV1gY411n7zy,2022-03-17 18:26:36,【人类迷惑行为】120 看我怎么优雅地整花活,68,6634756,1284,699,66302,4487,19716,434155,493551742,米开朗机罗,1509892,1080,1920,Y
搞笑,"逗比,自制,搞笑视频,娱乐,全程高能,中国BOY,理发,山城小栗旬",BV1TZ4y167fG,2022-03-17 17:20:18,顶了十几年的锅盖头终究还是没了！,591,6189063,43540,7045,46195,139906,15912,596736,562197,中国BOY超级大猩猩,8102921,3840,2160,N
搞笑,"搞笑研究所2.0,搞笑研究所,搞笑,生活,幽默,道德绑架,反转,防疫人员",BV1UY4y1i7m2,2022-03-24 22:14:05,疫情期间最讨厌的人,110,6100862,4588,4965,31049,10038,11146,504469,283036476,狈总,1813175,1080,1920,Y
搞笑,"搞笑研究所2.0,搞笑研究所,逗比,挑战,生活,搞笑,高能,美女,搞笑视频,沙雕,黑鲨5突破引力",BV12L4y1L77j,2022-03-31 16:10:03,烧 死 我 了,221,5480846,16988,7057,52116,114560,20490,450897,5294454,逗比的雀巢,5065375,1920,1080,N
搞笑,"搞笑研究所2.0,搞笑研究所,搞笑,生活,艺术家的快乐日常",BV1w3411p7ey,2022-03-22 17:00:19,差生文具多,205,5469932,6098,1921,47842,41508,11944,452937,150522015,东东翔,633213,1920,1080,N
搞笑,"打卡挑战,搞笑新星训练营",BV1vi4y1r7aX,2022-03-16 13:41:18,左旋艺术,13,5409601,3334,4122,13141,8335,18886,240691,411379495,吴彦祖秃顶版,713343,1080,1920,Y
搞笑,"歪果仁,人类迷惑行为,基和皮尔,高能,老外,微电影",BV1mT4y1i7Xg,2022-03-27 22:36:18,当大学教授不小心打开了土豆滤镜却不会关....,76,5384920,2318,2797,103554,12410,47996,478810,1150557177,鸭鸭洒水水,18567,960,720,N
搞笑,"奇葩,高能,幽默,学生,搞笑,沙雕",BV1SS4y127ks,2022-03-23 20:57:03,老师：你是不是觉得你很幽默？,25,5026676,679,2890,78443,3233,53619,452390,84608345,沙雕研究协会会长,216808,720,960,Y
搞笑,"搞笑研究所2.0,搞笑研究所,打卡挑战,女朋友,搞笑,情感,高能",BV1WS4y1g74H,2022-03-22 11:53:01,《当你给女朋友打电话时》,66,4997917,1068,1692,41835,5016,43057,276867,55724746,爆笑盘点君丶,5954,1080,1920,Y
搞笑,"校园整活大王,体育,记录,高能,帅哥,美女",BV19u411v7LR,2022-03-29 09:32:50,体育差生大鉴赏,124,4958428,3690,3195,43661,5671,29957,198503,272381878,Clyde_han,1908,544,546,Y
搞笑,"搞笑研究所2.0,搞笑研究所,科普,搞笑,沙雕,魔性,梗指南,假面骑士,名场面,假面骑士贞德",BV1eY411E7hy,2022-03-23 19:55:49,发生什么事了是什么梗【梗指南】,112,4930356,9119,13460,35979,10309,73715,243389,94510621,梗指南,2089589,1920,1080,N
搞笑,搞笑新星训练营,BV1Hu411q7kZ,2022-03-19 22:43:17,小伙上班打游戏被抓，一招巧妙解决～,71,4899297,69,44,6371,356,303,40262,158673680,笑点有点低哦,69731,1280,720,N
搞笑,"校园整活大王,室友,宿舍,帅哥,腹肌,高能",BV12u411q7Li,2022-03-23 18:38:04,让你室友看看你给他带饭有多不容易！,107,4824193,3337,2985,47856,21289,62818,400696,395415494,熬一耶ye,673288,1080,1920,Y
搞笑,"打卡挑战,娱乐,工地,国防光缆",BV1iL4y1M7gn,2022-03-20 12:37:06,网络中挖到国防光缆vs现实,37,4713530,366,2556,17598,5067,770,419723,578408027,土木工程洪工,8169,1080,1920,Y
搞笑,"正能量,安全,有趣,疫情,沙雕,自制,幽默,恶作剧,原创,魔性",BV1W34y1t7zT,2022-03-18 20:16:18,#疫情防护#，你是什么码,40,4698501,1454,1404,31163,2037,13498,408501,629259872,难敌人间烟火气,4161,718,952,Y
搞笑,"搞笑,校园,剧情,暴力,学生,高中",BV1Zu411i7iC,2022-03-16 14:22:03,真正的校园暴力,140,4581728,6405,7143,58191,33217,16158,430156,1813919707,道外大熊猫,25934,1080,1920,Y
搞笑,"搞笑,记录,生活记录",BV1w34y1t7eC,2022-04-03 11:55:40,独立卫浴是真独立啊,62,4507418,1730,2841,31257,5787,42735,306154,668729267,周周啊,225207,720,1280,Y
搞笑,"必剪创作,搞笑,中国,外国人,歪果仁,老外,街访,街头采访,打卡挑战",BV1Mu411q7UT,2022-03-20 13:13:16,街头采访外国人印象中有哪些中国城市，这小姐姐能处，格局一下就打开了！,11,4492219,4061,2740,49910,2451,11720,654875,1623137317,1314然后呢,2499,1080,1920,Y
搞笑,"搞笑,喝酒,抽象,吹瓶,旋一个,搞笑新星训练营,搞笑新星训练营5.0",BV1eq4y1a7wL,2022-04-04 18:22:36,我给你们炫一个,174,4485827,6816,4180,41319,10201,36758,372284,253232513,Seven香,21556,1080,1920,Y
搞笑,"娱乐,校园,学生,网课,厨子老师,搞笑新星训练营,搞笑新星训练营5.0",BV1EY4y1H7Kf,2022-04-05 17:49:26,每次上网课我都感觉自己像一条舔狗,65,4371471,1294,1802,50118,5597,10896,401470,274459325,方山厨子,260721,1080,1920,Y
搞笑,"万恶之源,搞笑,模仿,逗比,名场面,相似,无缝衔接,沙雕,人类迷惑行为,搞笑研究所,搞笑研究所3.0",BV1rS4y1m7aa,2022-04-03 17:11:46,“不能说毫无关系，只能说一模一样”,202,4352568,4596,2876,78633,98364,37738,325741,1885287644,东方月初cl,75280,1920,1080,N
搞笑,"搞笑研究所2.0,搞笑研究所,校园,青春,回忆,生活记录",BV1W94y1f7y9,2022-03-26 17:41:53,重返青春了兄弟们,30,4310877,4486,3699,28427,5156,12842,439169,373388923,脱缰凯Kk,574539,1080,1920,Y
搞笑,"搞笑,挑战,逗比,力元君,啊吗粽,徐大虾咯,在下哲别,雨哥到处跑,自来卷三木,搞笑研究所,搞笑研究所3.0",BV1QT4y1e79k,2022-04-02 11:05:00,这一季，关乎男人的尊严！！！,2112,4266362,68729,8443,107013,454124,20666,627132,19642758,力元君,3735216,1920,1080,N
搞笑,"逗比,恶作剧,娱乐,搞笑,高能,记录",BV1sL411P7dA,2022-03-18 20:15:09,可以说是一模一样,12,4170453,1104,1600,68169,4969,50851,361571,84608345,沙雕研究协会会长,216809,480,640,Y
搞笑,"生活,搞笑,愚人节,反转,逗比,幽默,沙雕,搞笑研究所,搞笑研究所3.0",BV1cS4y1K7R3,2022-04-01 17:48:52,螳螂捕蝉，黄雀在后,89,4166926,1508,2486,15342,2991,4878,319085,283036476,狈总,1813179,1080,1920,Y
搞笑,逗比,BV1g34y1t7fG,2022-03-16 20:46:33,牛特勒的一次慷慨激昂的演讲，他承诺让所有牛都过上有水有草的日子,53,4095425,2809,2931,97075,10345,58286,351738,630349613,彬彬找乐子,161007,480,640,Y
搞笑,"当你,好玩",BV1Uq4y1Y7bX,2022-03-29 17:19:36,当你发现了一个好玩的东西,12,4006833,548,1922,44550,1577,18846,338373,630349613,彬彬找乐子,161007,480,856,Y
搞笑,"搞笑研究所2.0,搞笑研究所,搞笑,幽默,反转,生活,沙雕,学生,春游,学校,春天在哪里",BV1QY411n7Ks,2022-03-20 17:00:52,不同学生春游,143,3972840,3552,1484,12950,2393,1819,291179,283036476,狈总,1813180,1080,1920,Y
搞笑,"奇葩,名场面,小姐姐,打卡挑战,搞笑新星训练营,搞笑研究所,搞笑研究所2.0",BV1e3411H7La,2022-03-31 18:35:55,“有些主角真TM优雅”,286,3946579,6763,4592,29843,17812,11079,222109,1680651906,国产开心君,7744,1920,1080,N
搞笑,"疫情,搞笑研究所2.0,搞笑研究所,搞笑,打卡挑战,青春,人生,治愈系,美好,萌娃,情感,亲情",BV1Kq4y1q7Hy,2022-03-16 13:30:12,青春才几年，疫情占三年。,210,3891435,3023,7115,37073,35240,9266,215251,90142376,锦书致南辞,1073163,1920,1080,N
搞笑,"搞笑研究所2.0,搞笑研究所,逗比,挑战,搞笑,奇葩,沙雕,魔性,生活,高能,吐槽",BV1YS4y1D7Wg,2022-03-18 18:04:07,【人类迷惑行为】121 属于人类的顶级理解,83,3889278,1443,964,43910,3678,13247,406646,493551742,米开朗机罗,1509893,1080,1920,Y
搞笑,"搞笑研究所2.0,搞笑研究所,全程高能,吐槽,生活,沙雕,魔性,高能,沙雕视频,幽默,打卡挑战",BV1zY411E7p2,2022-03-24 17:37:15,【人类观察日志】141 朋友就得找这样的，省心！,99,3886744,878,363,27519,2170,8703,230253,524240296,泥美的探索,837077,1080,1920,Y
搞笑,"搞笑,娱乐,高能,奇葩,幽默,段子",BV1e44y1A7Vx,2022-03-30 20:12:32,说话是门艺术…,67,3871874,1662,1868,38813,3239,15282,270507,84608345,沙雕研究协会会长,216809,960,720,N
搞笑,"搞笑,美女,搞笑视频,小姐姐,沙雕迷惑行为,搞笑新星训练营",BV1GL4y177Ws,2022-03-24 19:53:21,有些人天生就是主角！,169,3841507,844,654,24675,1034,2839,187820,1828859783,老浣熊灬,22100,1080,1920,Y
搞笑,"搞笑新星训练营,星计划",BV1S44y1N7cP,2022-03-26 21:45:44,有一些发明真的是违背了它当初的用法！,62,3829939,614,544,7634,642,165,87847,158673680,笑点有点低哦,69732,1920,1080,N
搞笑,"搞笑研究所2.0,搞笑研究所",BV1Zq4y1e7Fo,2022-03-20 12:04:01,好久没有看到爸妈这么团结了,119,3789232,4739,2016,17879,15526,4701,295772,419738808,疯狂小杨哥,3473780,1080,1920,Y
搞笑,"星计划,搞笑新星训练营",BV1cF411s7uN,2022-03-27 20:34:31,一不小心纹身就纹毁了，这都纹的是啥！,63,3786922,265,146,6105,425,308,31832,158673680,笑点有点低哦,69732,1920,1080,N
搞笑,"校园整活大王,娱乐,段子,搞笑,奇葩,笑死",BV1SY411E7jg,2022-03-26 20:02:43,笑死 99新的脑子当然贵,13,3745742,269,1103,23410,627,7557,355819,274459325,方山厨子,260729,1080,1920,Y
搞笑,"搞笑研究所2.0,搞笑研究所,逗比,生活,搞笑,沙雕视频,魔性,高能,自制,打卡挑战",BV1Pu411q7Vf,2022-03-20 11:49:53,【野生人类图鉴】人生只为图一乐【妈见打】,135,3714235,1798,569,41124,3040,5832,363700,562770406,妈见打,1347393,1080,1920,Y
搞笑,"搞笑,YARGEL,全能分享站",BV1Gq4y1e7q5,2022-04-03 16:28:21,''真TM绝了，再看一遍'' «32»,89,3700596,3900,2186,33335,3168,20072,273449,62809495,YARGEL,234129,1080,1920,Y
搞笑,"搞笑,歪果仁,高能,实用,娱乐,礼貌",BV1X44y1P7i2,2022-03-19 01:22:42,进  来  挨  骂,20,3667190,3389,4208,166882,19462,162637,301724,1925291999,暴躁鸭仔,105531,1080,1920,Y
搞笑,"搞笑,娱乐,奇葩,小剧场,沙雕,逗比",BV1iZ4y1z7qG,2022-03-17 19:53:19,以前的霸总vs现在的霸总,20,3660597,904,2159,29483,4734,53961,341312,15016205,拽味三明治,377847,1080,1920,Y
搞笑,"病毒,疫情",BV1hY41137u7,2022-03-17 20:27:33,消灭病毒的各种奇怪方式！,63,3608620,17,7,3548,266,8,1297,17128799,小杰特效师,42878,1920,1080,N
搞笑,"搞笑视频,搞笑,高能,打卡挑战,神回复,人身攻击",BV1ER4y1F7B6,2022-03-18 18:10:01,一句话回怼人身攻击！,75,3603028,962,1087,271466,44198,11043,287077,442177273,计算机学长,713672,1920,1080,N
搞笑,"搞笑,搞笑视频,打卡挑战,必剪创作,搞笑研究所,搞笑研究所2.0",BV1d44y1N7a3,2022-03-25 22:37:52,女生怎么骗男生过夜？,73,3561311,2788,2035,15022,1086,2264,170420,441396080,笑点高吗,1049,1080,1080,N
搞笑,"搞笑研究所2.0,搞笑研究所,打卡挑战,必剪创作,人生,幽默",BV18Y411n71n,2022-03-21 19:25:36,有些东西根本不配占据你的情绪，人生就是场体验，请你尽兴点。,12,3524159,441,897,90292,11039,8463,446778,501776693,咖啡只加半勺糖,3642,1080,1080,N
搞笑,"逗比,搞笑,搞笑视频,原创,生活,娱乐",BV1pL4y177yU,2022-03-26 13:17:58,没规定说不行啊,28,3513550,831,1364,32825,1607,11889,312446,284700508,主持人欧文浩,443947,1080,1920,Y
搞笑,"必剪创作,喝酒,寡人,逗比,挑战,花手,搞笑视频,PDD,娱乐,全程高能,搞笑新星训练营",BV1VZ4y1z7e1,2022-03-28 17:34:31,文喝断更三天，武喝断更三个月，全网最能喝的两兄弟，豪横中的豪横,80,3505464,423,1275,18750,1210,1356,213008,352942315,暴躁的文哥,17280,1920,1080,N
搞笑,"程序员,编程,web前端,python,代码,IT",BV1Eb4y1p75H,2022-03-17 11:14:53,公司里的一位大佬离职了，他的宝贝键盘和负责的项目都留给了我，结果今天从他代码里发现了这行注释，这谁顶的住啊！？,8,3500197,297,1159,3204,389,2846,137493,597008660,程序员只为,46216,1440,2560,Y
搞笑,"粤语,校园,脱口秀,栋笃笑,学生,广东,郭嘉峰,网课,粤知一二,搞笑研究所,搞笑研究所3.0",BV1nY4y1i721,2022-04-05 12:00:00,这是不是上网课的你？,363,3485538,2273,1712,38764,6868,9679,369224,95515699,粤知一二,2422579,1080,1920,Y
搞笑,"变装,颜值,变身,小姐姐,天花板",BV1Hu411q7Vz,2022-03-22 19:42:23,变装视频天花板，还要往上一个天花板！,31,3478474,1820,1561,17099,17848,13429,315983,296371407,3锅儿团队,82912,1080,1920,Y
搞笑,"刮刮卡,中奖",BV1n34y1b7es,2022-03-26 17:09:24,500元刮50张刮刮乐，能刮出大奖吗？是赚还是亏呢！,126,3471434,22,24,2945,418,19,725,589288899,小帅川不帅,1640,1920,1080,N
搞笑,"搞笑研究所2.0,搞笑研究所,可口可乐,百事可乐,创意广告,趣味广告,骚操作",BV1U34y1x7Qj,2022-03-26 09:00:00,所以到底是百事好喝还是可口好喝？,70,3463602,9,20,3003,179,3,759,1410477444,游戏熏小空,19851,1920,1080,N
搞笑,"搞笑研究所2.0,搞笑研究所,搞笑,幽默,反转,生活,95#,油价,加油",BV19P4y1M7bR,2022-03-18 14:43:26,《 95#加满 》,18,3424952,431,1835,9101,1236,4776,241096,283036476,狈总,1813183,1080,1920,Y
搞笑,"动画创想研究所,万物皆可动画,自制,原创,日常,二次元,痛车,远坂凛,初音未来,女神异闻录,Fate",BV1CS4y127dZ,2022-03-28 13:30:00,哪来的二次元？,18,3418348,648,4830,42824,6448,19729,230187,21812139,小菜鸡校长,2424,1920,1080,N
搞笑,"创作灵感,高能,原创",BV1hL411w7Qk,2022-03-21 23:36:33,小秀一下,96,3366711,3122,4302,41800,17401,40939,336063,1165217006,睿睿不会跳绳,44996,1080,1920,Y
搞笑,"搞笑研究所2.0,搞笑研究所,逗比,挑战,搞笑视频,搞笑,奇葩,原创,娱乐,沙雕,生活",BV1ZT4y1i7Ev,2022-03-28 17:05:00,黑帮：尝尝我们的酷刑吧！！,140,3358043,6209,2136,29554,63377,3678,327626,170088482,炎辰大鸽子,1099608,1920,1080,N
搞笑,"吐槽,搞笑,挑战,奇葩,小说,网络小说,玛丽苏,龙傲天,沙雕,灵魂画师",BV14u411i7Xz,2022-04-03 11:34:45,哈哈哈哈！这是谁写的！？爆笑吐槽网络神级沙雕小说《拼夕夕系统附身，六万人砍不死我》！,323,3346597,7297,5913,36037,18912,44653,236046,2897191,阿漫啊阿漫,1672903,1920,1080,N
搞笑,"搞笑研究所2.0,搞笑研究所,逗比,挑战,无限搞笑公司6.0,无限搞笑公司发年终奖啦,生活,搞笑,沙雕,魔性,高能",BV1r44y1A7x2,2022-03-30 17:36:06,【人类迷惑行为】128 你是奥斯卡野生影帝吧,102,3338249,1160,386,35312,2699,6720,267761,493551742,米开朗机罗,1509896,1080,1920,Y
搞笑,"疫情,病毒,汉堡,恶作剧",BV1UY4y1s7B8,2022-03-25 18:05:23,抓到一只爱吃汉堡的病毒！,68,3304210,6,7,3107,173,2,899,17128799,小杰特效师,42878,1920,1080,N
搞笑,"迷惑求职大赏,搞笑视频,原创,职场,00后",BV11Y4y1s7Ly,2022-03-24 18:00:00,这样的00后同事，给我来一打,158,3301146,2444,3283,19848,10099,7423,334167,448019333,也就那点事儿-,1371556,1080,1920,Y
搞笑,"万恶之源,是在下输了,运动会,校园,搞笑,搞笑视频,全程高能,生活,沙雕,沙雕视频",BV1rS4y1U7MW,2022-03-20 12:38:06,“校 运 会 驯 服 早 期 人 类”,197,3284688,1855,816,26178,13540,25926,72129,474988341,M电灯泡,505582,1920,1080,N
搞笑,"搞笑研究所2.0,搞笑研究所,打卡挑战,高能,搞笑视频,奇葩,沙雕,生活,健身,力量,宿舍",BV1PF411t7k1,2022-03-18 17:00:14,据说带上能量手环之后，身体的力量会大大增加，这是真的吗？小伙带上它让舍友两只手扳手腕，结果赢了？,210,3265584,1913,701,12545,3453,155,86836,11641010,小迪爱分享,119763,1920,1080,N
搞笑,"大哥,搞笑,牛逼,王总,牛人骚操作",BV1yY4y1v7Q2,2022-04-01 12:19:37,大哥，凭你最后一句话，我愿称你为最牛,13,3261593,320,741,14564,887,6458,221834,235090412,夜煜城,437,718,728,Y
搞笑,"搞笑研究所2.0,搞笑研究所,粤知一二,郭嘉峰,栋笃笑,广东,生活,粤语,脱口秀,香港",BV1oa411x7eV,2022-03-29 18:00:00,当你的老板是个香港人,352,3239814,5079,2741,16781,15031,7878,255282,95515699,粤知一二,2422580,1080,1920,Y
搞笑,"校园整活大王,打卡挑战,大学,疫情封校,翻唱",BV1E3411s7Jg,2022-03-16 13:27:41,宿舍封了，人疯了,187,3174305,2779,4844,36404,54271,34464,216551,38361749,这个涂改液有毒,2839,1440,1080,N
搞笑,"搞笑研究所2.0,搞笑研究所,生活,全程高能,沙雕,吐槽,日常,美术,画画",BV1Bu411q7X7,2022-03-27 18:00:00,“千万不要让90后当美术生！”,229,3168626,839,385,29810,15845,2683,86326,22402155,黑羊叭叭V,12050,1920,1080,N
搞笑,"搞笑研究所2.0,搞笑研究所,逗比,挑战,搞笑,奇葩,沙雕,魔性,生活,高能,吐槽",BV1M34y1b7Dr,2022-03-19 17:30:07,【人类迷惑行为】122 搞笑女孩都是大宝藏,91,3154370,610,337,19636,1000,4458,308552,493551742,米开朗机罗,1509896,1080,1920,Y
搞笑,"搞笑,娱乐,三国,幽默,搞笑视频,防诈骗,脑洞大开,沙雕,魔性,必剪创作",BV1EY4y1s774,2022-03-24 22:39:33,诸葛亮：没想到吧，我跟电信有业务往来,19,3152893,397,1010,36706,4829,27750,272837,1027850891,战士无畏,1515,1080,1920,Y
搞笑,"老外,高能,微电影,基和皮尔,歪果仁,人类迷惑行为",BV1sY4y1v7BX,2022-03-31 22:19:35,”拜托！一堆人在大街上跳烂舞超酷得唉！“,189,3146708,2563,2330,109244,19317,15730,357028,1150557177,鸭鸭洒水水,18567,1280,720,N
搞笑,搞笑新星训练营,BV11P4y1T75V,2022-03-25 21:40:50,没错，确实有堵的成分在，万一成功了呢！,64,3130815,48,104,4786,499,146,53625,158673680,笑点有点低哦,69732,1920,1080,N
搞笑,"必剪创作,逗比,挑战,搞笑视频,打卡挑战,沙雕,娱乐,外卖,美团,美团外卖",BV1aS4y1D777,2022-03-16 18:49:08,【外卖】两百多块的燕窝说送就送了给别人。点外卖，麻烦通知一下，,71,3129841,2668,4643,10023,3086,6206,377962,448098982,在下尼一奥_Nio,5715,1920,1080,N
搞笑,"高能,段子",BV1La41147kE,2022-03-28 22:41:09,以后玩游戏再耍赖，兄弟都没得做！,98,3115824,373,831,9975,673,1238,186310,639855783,管春呀,61910,1080,1920,Y
搞笑,"搞笑研究所2.0,搞笑研究所,全程高能,沙雕视频,生活,奇葩,恶作剧,美女,打卡挑战,疫情,防疫",BV1n3411s7Y1,2022-03-20 17:35:07,【人类观察日志】139 关于主角那点事,60,3113069,1695,365,20566,3841,1745,297599,524240296,泥美的探索,837076,1080,1920,Y
搞笑,"搞笑研究所2.0,搞笑研究所,毕业,导师",BV1G44y1N7iK,2022-03-20 18:56:28,【毕业】导师表示：人麻了，要不你赶紧毕业吧！别在这膈应我了！,13,3099026,150,1018,59663,4079,17843,390818,82025652,偷袭打薯片,4620,720,960,Y
搞笑,"搞笑,全程高能,逗比,林俊杰,搞笑视频,灵魂歌手",BV1XY4y1i7GP,2022-03-26 08:33:07,高音能超过林俊杰的好像也只有你的，笑死太厉害了哈哈哈,38,3095686,1165,1857,43275,5164,36302,321640,280494238,o沙粒,730,720,1280,Y
搞笑,"星计划,搞笑新星训练营",BV1pY411J7hd,2022-03-29 23:12:59,哈哈哈，纸上谈兵之道，胜于千里之外！,64,3071516,77,90,6174,369,37,45670,158673680,笑点有点低哦,69732,1920,1080,N
搞笑,"搞笑研究所2.0,搞笑研究所,逗比,搞笑,沙雕,生活,美女,幽默",BV1RY4y1q7Vt,2022-03-28 21:07:06,《 世界未解之谜 》,30,3038054,1448,2269,22795,6628,26389,226524,283036476,狈总,1813182,1080,1920,Y
搞笑,"原创,美女,日本,娱乐",BV1w3411W7cv,2022-03-28 13:59:21,日本21岁“黑道千金”火爆全网，网友：就算被砍这岳父我也叫定了,104,3003324,2027,2472,21398,3053,2083,116335,503864455,好奇心星球,794,1920,1080,N
搞笑,"搞笑研究所2.0,搞笑研究所,全程高能,吐槽,生活,沙雕,魔性,高能,沙雕视频,幽默,打卡挑战",BV1w94y1f76i,2022-03-25 17:16:06,【人类观察日志】142 人与动物 核谐共处,89,2996918,1609,367,28542,1475,4881,255600,524240296,泥美的探索,837077,1080,1920,Y
搞笑,"B站小剧场,生活记录,娱乐,情感,搞笑,熬夜",BV1eL411w7UA,2022-03-20 19:09:50,假如世界禁止熬夜,72,2984121,980,1323,19316,3720,6381,283464,549772707,摆货小天才,796077,1080,1920,Y
搞笑,"打卡挑战,甄嬛传,螺蛳粉,搞笑",BV11R4y1F7Ck,2022-03-20 16:22:09,hhhh，螺蛳粉真的有这么臭吗,14,2980014,422,1597,26012,1525,45168,276637,30898527,嘻期天的小埋,34751,1080,1920,Y
搞笑,"原创,娱乐,职场,段子,打卡挑战,搞笑研究所,搞笑研究所3.0",BV1gY4y1W7fJ,2022-04-01 18:55:33,领导：我闺蜜的丑照不能删！,76,2974386,653,1459,25456,5413,5936,240763,1827922782,圆脸颖入职记,608181,1080,1920,Y
搞笑,"搞笑研究所2.0,搞笑研究所,人类迷惑行为,社死,人类沙雕行为,欢乐,解压,治愈,放松,快乐,好心情",BV1Q3411W7cZ,2022-03-18 09:30:08,真是人生无常，大肠包小肠,136,2962457,919,451,35959,2967,9333,214229,397665423,老实扒蕉的山山,325325,1080,1920,Y
搞笑,"恶作剧,歪果仁,搞笑,奇葩,娱乐",BV1YF411x7J7,2022-03-21 11:35:40,这何尝不是一种ntr,25,2926929,202,2069,59518,4374,30075,267645,7560829,大霓奈,645706,720,1280,Y
搞笑,"疫情,口罩,机器人,瓦力",BV1cT4y1i7pz,2022-03-20 19:59:54,不戴口罩四处走，就把你打成狗！,64,2925207,2,13,2549,172,12,803,17128799,小杰特效师,42878,3832,2160,N
搞笑,"搞笑研究所2.0,搞笑研究所,女大学生,变装,反转,全程高能,搞笑视频,沙雕,搞笑女,反差,搞笑新星训练营",BV1pb4y1p7Pd,2022-03-16 16:36:59,警 惕 新 型 网 络 诈 骗,14,2915875,783,2040,16460,974,2582,149047,471827265,白婉晴,321699,1080,1920,Y
搞笑,"自制,八音盒,全程高能,汉堡,美食家,吃粑粑,老八,奥利给,打卡挑战,搞笑研究所,搞笑研究所2.0",BV1Qi4y1r7zP,2022-03-23 00:24:33,【公开课】老八语音教学,821,2911917,10183,7046,163985,194019,180902,247897,23515088,船长7级满x,23079,1920,1080,N
搞笑,搞笑新星训练营,BV1HZ4y1B7ny,2022-03-24 23:17:52,行业禁忌避坑小技巧，以后不吃亏！,64,2871830,383,1349,56324,3498,842,145692,158673680,笑点有点低哦,69733,1920,1080,N
搞笑,"健身,肌肉,打卡挑战,搞笑新星训练营",BV1EY4y1s7Ss,2022-03-24 12:09:44,训练用堡，肌肉必diao,33,2870140,733,2063,4505,2228,6374,154370,411379495,吴彦祖秃顶版,713343,576,1024,Y
搞笑,"搞笑研究所2.0,搞笑研究所,女大学生,兼职,奶茶店,全程高能,整蛊,沙雕,美女,生活,反转,搞笑新星训练营",BV1KU4y1Z7nA,2022-03-17 19:05:43,坏女人是这样的，这很正常,73,2869639,188,625,9318,1242,1180,183828,471827265,白婉晴,321699,1080,1920,Y
